player,team,goals,xG,assists,xA,shots,key_passes,xGChain,xGBuildup,league,season
Aiman Dardari,Augsburg,0,0.05606662854552269,0,0.0,1,0,0.05606662854552269,0.0,Bundesliga,25/26
Alexis Claude Maurice,Augsburg,5,6.339031929150224,4,3.215671157464385,71,32,10.869376560673118,5.332539309747517,Bundesliga,25/26
Anton Kade,Augsburg,6,6.7122930232435465,0,3.0941985473036766,48,25,10.916635751724243,1.8429135736078024,Bundesliga,25/26
Arne Maier,Augsburg,0,0.0,0,0.0,0,0,0.0,0.0,Bundesliga,25/26
Arthur Chaves,Augsburg,2,1.0467653088271618,0,0.2324150362983346,5,4,1.9321790896356106,1.686458982527256,Bundesliga,25/26
Chrislain Matsima,Augsburg,1,0.5652054697275162,1,0.5844853427261114,7,4,2.2476043635979295,2.1535102361813188,Bundesliga,25/26
Cédric Zesiger,Augsburg,0,1.7500400636345148,0,0.5558719579130411,12,9,4.428809206932783,3.970293586142361,Bundesliga,25/26
Dimitris Giannoulis,Augsburg,2,0.9717476665973663,5,3.8624802585691214,10,33,6.426895641721785,3.064006181433797,Bundesliga,25/26
Elias Saad,Augsburg,0,0.37165308371186256,0,0.6210179030895233,6,12,1.412656469270587,0.5558570027351379,Bundesliga,25/26
Elvis Rexhbecaj,Augsburg,2,0.5392126142978668,0,0.7069284673780203,11,9,2.5775352735072374,1.4284834694117308,Bundesliga,25/26
Fabian Rieder,Augsburg,6,4.166463605128229,3,5.375069449655712,38,44,11.631565358489752,6.491243749856949,Bundesliga,25/26
Finn Dahmen,Augsburg,0,0.6633901596069336,0,0.29693676345050335,1,4,4.446497203782201,4.14956040866673,Bundesliga,25/26
Han-Noah Massengo,Augsburg,2,1.7316314969211817,1,1.635585960932076,20,17,8.934063652530313,5.818135930225253,Bundesliga,25/26
Ismaël Gharbi,Augsburg,0,0.22596237063407898,0,0.03212403133511543,3,1,0.1278797946870327,0.060474079102277756,Bundesliga,25/26
Jeffrey Gouweleeuw,Augsburg,0,0.23693389631807804,1,0.378789821639657,5,5,1.2999653723090887,1.004734518006444,Bundesliga,25/26
Keven Schlotterbeck,Augsburg,0,1.3001904971897602,1,1.029070470482111,12,12,5.31422508880496,4.888037363067269,Bundesliga,25/26
Kristijan Jakic,Augsburg,2,1.4403803190216422,1,1.360763007774949,18,13,4.3531388053670526,3.167064012028277,Bundesliga,25/26
Mads Pedersen,Augsburg,0,0.16506886668503284,0,0.14851025491952896,3,4,1.0306250602006912,0.7902142554521561,Bundesliga,25/26
Marius Wolf,Augsburg,1,1.7143956972286105,1,3.691459383815527,14,21,4.361116588115692,1.4035527957603335,Bundesliga,25/26
Mert Kömür,Augsburg,2,4.645504482090473,4,2.76681075245142,41,21,7.051191717386246,1.7611310807988048,Bundesliga,25/26
Michael Gregoritsch,Augsburg,6,6.215451763942838,2,1.5184729620814323,29,7,6.945263855159283,2.2028554063290358,Bundesliga,25/26
Noahkai Banks,Augsburg,1,1.2308643972501159,1,0.9259122600778937,9,7,4.726021298207343,3.706311522051692,Bundesliga,25/26
Phillip Tietz,Augsburg,6,11.598579058423638,2,1.9211469320580363,51,19,15.156334765255451,4.183608392253518,Bundesliga,25/26
Robin Fellhauer,Augsburg,3,2.5917708398774266,2,2.142268791794777,29,31,8.661767035722733,4.585818454623222,Bundesliga,25/26
Rodrigo Ribeiro,Augsburg,2,4.629444479942322,0,0.026682153344154358,26,1,5.407829083502293,1.2390874158591032,Bundesliga,25/26
Samuel Essende,Augsburg,1,1.4566263109445572,0,0.4276743633672595,17,4,1.6914420491084456,0.13694370351731777,Bundesliga,25/26
Tim Schnitzer,Augsburg,0,0.0,0,0.0,0,0,0.0,0.0,Bundesliga,25/26
Uchenna Ogundu,Augsburg,0,0.15869352221488953,0,0.0,3,0,0.2753217816352844,0.1592796854674816,Bundesliga,25/26
Yannik Keitel,Augsburg,0,0.0,0,0.0,0,0,0.5297181829810143,0.5297181829810143,Bundesliga,25/26
Aleix García,Bayer Leverkusen,3,2.478695845231414,7,6.065944831818342,30,49,21.396803221665323,18.524734436534345,Bundesliga,25/26
Alejo Sarco,Bayer Leverkusen,0,0.4211624972522259,0,0.25054374895989895,4,2,0.9105963241308928,0.2895685136318207,Bundesliga,25/26
Arthur,Bayer Leverkusen,1,1.1891322792507708,3,1.199713435024023,10,15,6.4784804452210665,5.219180366024375,Bundesliga,25/26
Axel Tape,Bayer Leverkusen,0,0.1425793543457985,0,0.0,3,0,0.692778505384922,0.5725748687982559,Bundesliga,25/26
Ben Seghir,Bayer Leverkusen,0,0.09455513767898083,0,1.2067486643791199,5,5,1.474426168948412,0.27676355838775635,Bundesliga,25/26
Christian Kofane,Bayer Leverkusen,5,8.046371582895517,4,2.242532966658473,46,17,11.18430045247078,1.869088165462017,Bundesliga,25/26
Claudio Echeverri,Bayer Leverkusen,0,0.11350106447935104,0,0.04052872955799103,1,1,0.2705470249056816,0.15704596042633057,Bundesliga,25/26
Edmond Tapsoba,Bayer Leverkusen,5,4.23943140450865,3,1.7085091285407543,29,11,16.401180177927017,14.981057460419834,Bundesliga,25/26
Ernest Poku,Bayer Leverkusen,5,3.727354511618614,5,3.15851978585124,27,27,10.750237088650465,4.377705059945583,Bundesliga,25/26
Exequiel Palacios,Bayer Leverkusen,0,0.439077272079885,1,1.3159740213304758,10,13,7.690991470590234,7.098266148939729,Bundesliga,25/26
Ezequiél Fernández,Bayer Leverkusen,0,0.534800324589014,1,0.7951555736362934,11,8,7.9508191123604774,7.362088220193982,Bundesliga,25/26
Ibrahim Maza,Bayer Leverkusen,3,6.0146804098039865,4,4.390553383156657,53,28,17.926695466041565,9.699600376188755,Bundesliga,25/26
Janis Blaswich,Bayer Leverkusen,0,0.0,0,0.09819561243057251,0,2,1.5909389518201351,1.4927433393895626,Bundesliga,25/26
Jarell Quansah,Bayer Leverkusen,3,3.567939020693302,0,0.9014928825199604,18,11,12.289946498349309,9.830473124980927,Bundesliga,25/26
Jeanuël Belocian,Bayer Leverkusen,0,0.42286456003785133,1,0.4648522362112999,4,4,4.143129628151655,3.372005421668291,Bundesliga,25/26
Jonas Hofmann,Bayer Leverkusen,2,2.1885164361447096,2,2.7552873007953167,23,16,9.790684130042791,5.792823223397136,Bundesliga,25/26
Loic Bade,Bayer Leverkusen,0,1.2505972078070045,0,0.13785948604345322,12,2,10.064088642597198,9.906061917543411,Bundesliga,25/26
Lucas Vázquez,Bayer Leverkusen,1,0.9143912717700005,2,2.509555133059621,4,10,5.7617636397480965,2.454696498811245,Bundesliga,25/26
Malik Tillman,Bayer Leverkusen,6,5.122428148984909,1,3.6048070788383484,34,27,12.581189319491386,5.058479489758611,Bundesliga,25/26
Mark Flekken,Bayer Leverkusen,0,0.0,0,0.07206714153289795,0,1,5.080403530970216,5.008336389437318,Bundesliga,25/26
Martin Terrier,Bayer Leverkusen,4,3.201124083250761,1,1.0998335517942905,17,10,6.173402037471533,2.4726594015955925,Bundesliga,25/26
Montrell Culbreath,Bayer Leverkusen,1,2.02140474319458,0,0.39969558268785477,8,6,4.640004459768534,2.365470964461565,Bundesliga,25/26
Nathan Tella,Bayer Leverkusen,1,2.7824456579983234,4,3.822403874248266,24,20,8.58071481436491,3.4000950502231717,Bundesliga,25/26
Patrik Schick,Bayer Leverkusen,16,19.421328123658895,3,3.1920390371233225,72,14,18.847500883042812,3.710258255712688,Bundesliga,25/26
Piero Hincapié,Bayer Leverkusen,0,0.5172572731971741,0,0.0,2,0,0.11583748459815979,0.056226696819067,Bundesliga,25/26
Robert Andrich,Bayer Leverkusen,2,0.8109990963712335,0,0.5380814289674163,12,12,14.814566032029688,14.427350432612002,Bundesliga,25/26
Tim Oermann,Bayer Leverkusen,0,0.0,0,0.060562897473573685,0,1,0.0,0.0,Bundesliga,25/26
Álex Grimaldo,Bayer Leverkusen,8,6.761390760540962,7,10.24105754122138,61,69,19.19080664217472,13.631710644811392,Bundesliga,25/26
Aleksandar Pavlovic,Bayern Munich,3,1.549274168908596,1,1.9520273748785257,10,21,14.45808819681406,12.501133061945438,Bundesliga,25/26
Alphonso Davies,Bayern Munich,1,0.44130267202854156,3,1.301999389193952,4,9,6.602924805134535,5.091645808890462,Bundesliga,25/26
Bara Sapoko Ndiaye,Bayern Munich,0,0.0,0,0.0,0,0,0.4601020887494087,0.4601020887494087,Bundesliga,25/26
Cassiano Kiala,Bayern Munich,0,0.0,0,0.0,0,0,0.4981572926044464,0.4981572926044464,Bundesliga,25/26
David Santos,Bayern Munich,0,0.030350076034665108,0,0.0,1,0,1.1598855257034302,1.1598855257034302,Bundesliga,25/26
Dayotchanculle Upamecano,Bayern Munich,1,0.8303499147295952,1,1.4384191930294037,8,11,14.301490493118763,13.812318220734596,Bundesliga,25/26
Deniz Ofli,Bayern Munich,0,0.0,0,0.0,0,0,0.0,0.0,Bundesliga,25/26
Erblin Osmani,Bayern Munich,0,0.0,0,0.0,0,0,0.0,0.0,Bundesliga,25/26
Felipe Chávez,Bayern Munich,0,0.2693987935781479,0,0.11142665147781372,6,1,0.5579832904040813,0.3327908180654049,Bundesliga,25/26
Harry Kane,Bayern Munich,36,29.57998568098992,5,7.403329385444522,119,40,34.28957922756672,10.577369537204504,Bundesliga,25/26
Hiroki Ito,Bayern Munich,1,1.4966442808508873,2,1.0980801191180944,10,6,5.908010467886925,5.104044854640961,Bundesliga,25/26
Jamal Musiala,Bayern Munich,3,5.00371415540576,4,2.7409376837313175,30,17,9.546371098607779,3.1022165343165398,Bundesliga,25/26
Jonah Kusi-Asare,Bayern Munich,0,0.0,0,0.0,0,0,0.0,0.0,Bundesliga,25/26
Jonas Urbig,Bayern Munich,0,0.0,0,0.1030491515994072,0,1,5.324276648461819,5.324276648461819,Bundesliga,25/26
Jonathan Tah,Bayern Munich,2,0.6638064542785287,1,0.5882400423288345,8,5,11.72725062072277,11.33160012960434,Bundesliga,25/26
Joshua Kimmich,Bayern Munich,2,2.3646036218851805,8,7.569489678367972,28,56,27.785482317209244,21.9056276679039,Bundesliga,25/26
Josip Stanisic,Bayern Munich,2,1.4695102348923683,3,3.6430143248289824,7,24,17.444418190047145,15.49496734701097,Bundesliga,25/26
Kim Min-Jae,Bayern Munich,1,0.7258729934692383,1,0.4743431285023689,5,4,14.772583492100239,14.365923717617989,Bundesliga,25/26
Konrad Laimer,Bayern Munich,3,2.826949080452323,9,4.989689355716109,17,43,20.52084405720234,14.751735255122185,Bundesliga,25/26
Lennart Karl,Bayern Munich,5,7.12136466614902,5,2.79079039208591,42,23,17.725263914093375,9.104842718690634,Bundesliga,25/26
Leon Goretzka,Bayern Munich,5,4.884574018418789,3,2.346890510059893,35,21,16.531479734927416,14.036005043424666,Bundesliga,25/26
Luis Díaz,Bayern Munich,15,14.85997650027275,14,10.122723823413253,88,65,36.54146680980921,15.259370246902108,Bundesliga,25/26
Manuel Neuer,Bayern Munich,0,0.0,0,0.0,0,0,7.1371871791779995,7.1371871791779995,Bundesliga,25/26
Maycon Douglas Cardozo,Bayern Munich,0,0.0,0,0.0,0,0,0.6299315690994263,0.6299315690994263,Bundesliga,25/26
Michael Olise,Bayern Munich,15,11.545709690079093,19,17.044203309342265,102,79,39.00864061713219,16.973004333674908,Bundesliga,25/26
Nicolas Jackson,Bayern Munich,8,8.492001624777913,1,2.0896335784345865,38,17,13.03456012159586,3.1939167426899076,Bundesliga,25/26
Raphael Guerreiro,Bayern Munich,5,3.528638795018196,2,2.275534149259329,12,19,9.012822458520532,4.25221517123282,Bundesliga,25/26
Sacha Boey,Bayern Munich,0,0.39243242517113686,0,0.1832207404077053,6,4,2.850109562277794,2.335632123053074,Bundesliga,25/26
Serge Gnabry,Bayern Munich,8,6.26451538130641,6,5.150685242377222,50,22,16.288242295384407,8.140462888404727,Bundesliga,25/26
Sven Ulreich,Bayern Munich,0,0.0,0,0.0,0,0,0.47508424520492554,0.47508424520492554,Bundesliga,25/26
Tom Bischof,Bayern Munich,3,1.9813645593822002,3,2.8520854637026787,30,24,11.289959888905287,8.018809024244547,Bundesliga,25/26
Wisdom Mike,Bayern Munich,0,0.10484713315963745,0,0.0,2,0,0.35970722883939743,0.25486009567976,Bundesliga,25/26
Aaron Anselmino,Borussia Dortmund,1,0.05440906062722206,0,0.0,1,0,1.099787350744009,1.099787350744009,Bundesliga,25/26
Almugera Kabar,Borussia Dortmund,0,0.04891660809516907,0,0.0,1,0,0.04891660809516907,0.0,Bundesliga,25/26
Carney Chukwuemeka,Borussia Dortmund,2,2.446924611926079,0,0.6348967775702477,18,11,5.285868251696229,2.7434701044112444,Bundesliga,25/26
Cole Campbell,Borussia Dortmund,0,0.18991899117827415,0,0.2815333306789398,2,3,1.1457072533667088,0.7706655748188496,Bundesliga,25/26
Daniel Svensson,Borussia Dortmund,2,2.9300006814301014,2,4.297698555514216,12,35,10.653507748618722,6.346277633681893,Bundesliga,25/26
Emre Can,Borussia Dortmund,3,2.363978619687259,0,0.0,5,0,2.4536785297095776,2.376001711934805,Bundesliga,25/26
Fabio Silva,Borussia Dortmund,2,2.105187201872468,6,2.759688064455986,23,17,7.064148070290685,2.9445341546088457,Bundesliga,25/26
Felix Nmecha,Borussia Dortmund,2,3.364070465788245,3,1.8235643226653337,33,20,12.040448106825352,9.09173360094428,Bundesliga,25/26
Filippo Mané,Borussia Dortmund,0,0.0,0,0.0,0,0,0.6807209551334381,0.6807209551334381,Bundesliga,25/26
Gregor Kobel,Borussia Dortmund,0,0.0,0,0.0,0,0,5.751318110153079,5.751318110153079,Bundesliga,25/26
Jobe Bellingham,Borussia Dortmund,0,0.9893369525671005,1,0.7723528351634741,19,9,9.601684469729662,8.472049668431282,Bundesliga,25/26
Julian Brandt,Borussia Dortmund,7,5.1042488645762205,4,5.293923227116466,38,30,13.624381331726909,5.712044969201088,Bundesliga,25/26
Julian Ryerson,Borussia Dortmund,0,1.086410315707326,15,10.857275873422623,12,57,13.329593954607844,9.274812629446387,Bundesliga,25/26
Karim Adeyemi,Borussia Dortmund,7,5.2152209877967834,4,3.458098405972123,31,16,11.94034506380558,4.0952072106301785,Bundesliga,25/26
Luca Reggiani,Borussia Dortmund,1,0.460574084892869,0,0.04038633406162262,3,2,2.269562177360058,2.2139969542622566,Bundesliga,25/26
Marcel Sabitzer,Borussia Dortmund,1,1.149563044309616,2,2.240061067044735,20,15,8.931432373821735,6.333587545901537,Bundesliga,25/26
Mathis Albert,Borussia Dortmund,0,0.0,0,0.0,0,0,0.027241842821240425,0.027241842821240425,Bundesliga,25/26
Maximilian Beier,Borussia Dortmund,9,8.248568028211594,6,4.9559360314160585,50,25,16.043212147429585,5.098700201138854,Bundesliga,25/26
Nico Schlotterbeck,Borussia Dortmund,5,3.80366291385144,1,1.0600993894040585,32,12,11.601791122928262,10.63110581971705,Bundesliga,25/26
Niklas Süle,Borussia Dortmund,0,0.03355417028069496,1,0.2960160970687866,2,2,2.3257176280021667,2.232322722673416,Bundesliga,25/26
Pascal Groß,Borussia Dortmund,0,0.8347828388214111,1,1.3404343351721764,8,11,4.495197154581547,3.2702609561383724,Bundesliga,25/26
Ramy Bensebaini,Borussia Dortmund,5,3.257725358940661,2,0.7206321377307177,17,11,6.887229710817337,6.485647883266211,Bundesliga,25/26
Salih Özcan,Borussia Dortmund,0,0.1352226883172989,0,0.15148783661425114,1,2,0.9041102360934019,0.6446415539830923,Bundesliga,25/26
Samuele Inácio,Borussia Dortmund,1,2.006677269935608,0,0.9181690961122513,9,8,3.439340591430664,1.4145637080073357,Bundesliga,25/26
Serhou Guirassy,Borussia Dortmund,17,19.91118175908923,1,1.9295950140804052,84,20,19.162629645317793,4.181204119697213,Bundesliga,25/26
Waldemar Anton,Borussia Dortmund,2,1.8469386994838715,0,0.4476184593513608,16,8,13.16260596551001,12.66744858212769,Bundesliga,25/26
Yan Couto,Borussia Dortmund,2,0.9633320793509483,2,2.849770877510309,9,17,6.886968974024057,4.392777647823095,Bundesliga,25/26
Charles Herrmann,Borussia M.Gladbach,0,0.0,1,0.37863999605178833,0,1,0.0,0.0,Bundesliga,25/26
Fabio Chiarodia,Borussia M.Gladbach,0,0.9675312228500843,0,0.013700447976589203,4,1,1.9361455738544464,1.8917616251856089,Bundesliga,25/26
Florian Neuhaus,Borussia M.Gladbach,0,1.392402342054993,1,1.0026175901293755,22,9,4.8506131283938885,3.3897639103233814,Bundesliga,25/26
Franck Honorat,Borussia M.Gladbach,2,0.8942651934921741,6,7.341735703870654,17,45,9.130235239863396,3.1209773272275925,Bundesliga,25/26
Giovanni Reyna,Borussia M.Gladbach,1,0.667095934972167,0,1.5534863928332925,7,12,3.324709984473884,1.414455235004425,Bundesliga,25/26
Grant-Leon Ranos,Borussia M.Gladbach,1,0.5348599851131439,0,0.08121008425951004,4,1,0.5956991165876389,0.057218391448259354,Bundesliga,25/26
Haris Tabakovic,Borussia M.Gladbach,13,14.339333239942789,2,1.8832440096884966,67,16,12.752545801922679,2.8414238188415766,Bundesliga,25/26
Hugo Bolin,Borussia M.Gladbach,1,1.1613999009132385,1,0.507491935044527,15,8,2.3938754983246326,0.9783000312745571,Bundesliga,25/26
Jan Urbich,Borussia M.Gladbach,0,0.0,0,0.027196358889341354,0,1,0.13196995854377747,0.10477359592914581,Bundesliga,25/26
Jens Castrop,Borussia M.Gladbach,3,4.301225297152996,1,1.405629888176918,30,18,8.649649377912283,4.086695464327931,Bundesliga,25/26
Joe Scally,Borussia M.Gladbach,2,2.700111205689609,3,1.6180403884500265,17,18,9.640508973039687,6.971373248845339,Bundesliga,25/26
Kevin Diks,Borussia M.Gladbach,5,4.184454521164298,0,0.704138720408082,23,8,8.415256265550852,7.45520737580955,Bundesliga,25/26
Kevin Stöger,Borussia M.Gladbach,1,2.0543773360550404,1,2.050934341736138,23,27,6.800350913777947,5.208155047148466,Bundesliga,25/26
Kota Takai,Borussia M.Gladbach,0,0.4108753725886345,0,0.03324531391263008,3,2,1.190738558769226,0.8015755638480186,Bundesliga,25/26
Luca Netz,Borussia M.Gladbach,0,0.03837163746356964,2,2.4323443844914436,2,10,3.8024985706433654,3.305356069467962,Bundesliga,25/26
Lukas Ullrich,Borussia M.Gladbach,0,0.7565966881811619,0,0.9062265641987324,10,14,5.585675872862339,4.3064204677939415,Bundesliga,25/26
Marvin Friedrich,Borussia M.Gladbach,0,0.0,0,0.0,0,0,0.17006514221429825,0.17006514221429825,Bundesliga,25/26
Moritz Nicolas,Borussia M.Gladbach,0,0.0,0,0.3480205573141575,0,2,4.788933951407671,4.440913397818804,Bundesliga,25/26
Nico Elvedi,Borussia M.Gladbach,0,0.38125199917703867,2,1.3621343988925219,9,13,8.829203316941857,7.860639678314328,Bundesliga,25/26
Oscar Fraulo,Borussia M.Gladbach,1,0.7350285053253174,0,0.0,1,0,0.8669984638690948,0.13196995854377747,Bundesliga,25/26
Philipp Sander,Borussia M.Gladbach,2,1.3780800057575107,0,0.8148279991000891,25,11,10.055795773863792,8.980093076825142,Bundesliga,25/26
Robin Hack,Borussia M.Gladbach,1,0.7763836495578289,0,0.8660388067364693,11,12,2.028105780482292,0.7544244416058064,Bundesliga,25/26
Rocco Reitz,Borussia M.Gladbach,0,2.6513977786526084,4,3.9927790025249124,47,28,13.191347749903798,8.105832872912288,Bundesliga,25/26
Shuto Machino,Borussia M.Gladbach,3,3.816984537988901,1,1.0832749512046576,25,14,6.017082850448787,1.487306335940957,Bundesliga,25/26
Tim Kleindienst,Borussia M.Gladbach,0,0.0,0,0.0,0,0,0.0,0.0,Bundesliga,25/26
Wael Mohya,Borussia M.Gladbach,2,1.0975704565644264,1,0.19751200266182423,11,4,1.5268700160086155,0.8649591617286205,Bundesliga,25/26
Yannick Engelhardt,Borussia M.Gladbach,2,2.415684091858566,2,1.0784621722996235,21,15,8.806699713692069,6.679585227742791,Bundesliga,25/26
Ansgar Knauff,Eintracht Frankfurt,4,3.700697695836425,1,2.9085339084267616,34,17,9.420183572918177,3.9200564324855804,Bundesliga,25/26
Arnaud Kalimuendo Muinga,Eintracht Frankfurt,6,4.879936292767525,1,1.597496423870325,30,22,7.5233531557023525,2.052781267091632,Bundesliga,25/26
Arthur Theate,Eintracht Frankfurt,1,1.423735129646957,0,0.5266659539192915,16,11,9.639633066952229,8.652226217091084,Bundesliga,25/26
Aurèle Amenda,Eintracht Frankfurt,0,1.009096633642912,0,0.33609938621520996,10,6,5.7146389447152615,5.516352321952581,Bundesliga,25/26
Aurélio Buta,Eintracht Frankfurt,0,0.029344476759433746,0,0.07674846798181534,1,1,0.22252386063337326,0.14577539265155792,Bundesliga,25/26
Ayoube Amaimouni-Echghouyab,Eintracht Frankfurt,2,0.5620515374466777,3,0.641688815318048,12,6,1.6453642882406712,0.6972493827342987,Bundesliga,25/26
Can Uzun,Eintracht Frankfurt,8,4.544798476621509,4,2.6320750545710325,41,19,8.537243850529194,3.061049897223711,Bundesliga,25/26
Elias Baum,Eintracht Frankfurt,0,0.0,0,0.02290719375014305,0,1,0.193947222083807,0.17104003205895424,Bundesliga,25/26
Ellyes Skhiri,Eintracht Frankfurt,0,0.7644057050347328,0,0.30664572678506374,8,7,6.156647648662329,5.555669544264674,Bundesliga,25/26
Farès Chaïbi,Eintracht Frankfurt,2,3.5245760353282094,9,5.035042706876993,35,40,11.084196873009205,5.737020939588547,Bundesliga,25/26
Hugo Larsson,Eintracht Frankfurt,2,1.4220624901354313,2,1.1869177855551243,13,19,5.631294704973698,3.755781836807728,Bundesliga,25/26
Jean Négoce,Eintracht Frankfurt,3,2.1764128422364593,4,4.017119113355875,29,31,8.62068572640419,3.9261697940528393,Bundesliga,25/26
Jessic Ngankam,Eintracht Frankfurt,0,0.0,0,0.0,0,0,0.0,0.0,Bundesliga,25/26
Jonathan Burkardt,Eintracht Frankfurt,13,13.116983085870743,1,0.6681167893111706,41,9,12.243965607136488,3.2149797938764095,Bundesliga,25/26
Kauã Santos,Eintracht Frankfurt,0,0.0,0,0.0,0,0,2.191868357360363,2.191868357360363,Bundesliga,25/26
Love Arrhov,Eintracht Frankfurt,0,0.0,0,0.08526118099689484,0,1,0.08526118099689484,0.0,Bundesliga,25/26
Mahmoud Dahoud,Eintracht Frankfurt,2,0.7852020431309938,3,0.3229838218539953,17,7,3.258342294022441,2.4602439450100064,Bundesliga,25/26
Mario Götze,Eintracht Frankfurt,0,0.43461785465478897,0,2.8592700120061636,5,14,3.92476156540215,2.630390318110585,Bundesliga,25/26
Michael Zetterer,Eintracht Frankfurt,0,0.0,0,0.0,0,0,3.5288164438679814,3.5288164438679814,Bundesliga,25/26
Michy Batshuayi,Eintracht Frankfurt,1,1.0145394168794155,0,0.18608162552118301,5,2,0.48219047114253044,0.17199566960334778,Bundesliga,25/26
Nathaniel Brown,Eintracht Frankfurt,4,2.06600034981966,4,3.1800129488110542,18,34,10.054680230095983,6.042703531682491,Bundesliga,25/26
Nnamdi Collins,Eintracht Frankfurt,1,0.6856478173285723,2,0.4561577998101711,3,3,6.877490270882845,6.092026978731155,Bundesliga,25/26
Oscar Højlund,Eintracht Frankfurt,1,0.6138702277094126,1,1.0660392343997955,7,7,3.1818068362772465,1.8266832381486893,Bundesliga,25/26
Rasmus Kristensen,Eintracht Frankfurt,2,1.1268442515283823,0,1.3801484052091837,15,8,6.246252434328198,5.263705998659134,Bundesliga,25/26
Ritsu Doan,Eintracht Frankfurt,5,4.125860132277012,5,6.517447140067816,41,39,13.874625666067004,6.948057568632066,Bundesliga,25/26
Robin Koch,Eintracht Frankfurt,3,1.926746228709817,1,0.7194755170494318,15,10,8.281017616391182,7.552546437829733,Bundesliga,25/26
Sepe Elye Wahi,Eintracht Frankfurt,0,1.0327077973634005,1,0.5964227598160505,7,4,1.7842910178005695,0.2781498059630394,Bundesliga,25/26
Timothy Chandler,Eintracht Frankfurt,0,0.0,0,0.043825019150972366,0,1,0.043825019150972366,0.043825019150972366,Bundesliga,25/26
Younes Ebnoutalib,Eintracht Frankfurt,1,0.5632690861821175,0,0.1448395550251007,5,2,0.6283156871795654,0.09378467500209808,Bundesliga,25/26
Alessio Castro-Montes,FC Cologne,1,1.2529878905043006,3,2.332611743360758,8,23,5.1476816944777966,2.3612621556967497,Bundesliga,25/26
Cenk Özkacar,FC Cologne,0,1.0993556138128042,0,0.20536327734589577,11,5,4.010641107335687,3.955500142648816,Bundesliga,25/26
Cenny Neumann,FC Cologne,0,0.0,0,0.0,0,0,0.8872855305671692,0.8872855305671692,Bundesliga,25/26
Denis Huseinbasic,FC Cologne,0,0.2053355174139142,0,0.2871539294719696,6,4,1.7169383829459548,1.3208936033770442,Bundesliga,25/26
Dominique Heintz,FC Cologne,0,0.0,0,0.07533709704875946,0,1,0.7893091775476933,0.7139720823615789,Bundesliga,25/26
Eric Martel,FC Cologne,2,1.814234547317028,2,2.0577999372035265,23,14,9.843018800020218,7.845337048172951,Bundesliga,25/26
Florian Kainz,FC Cologne,1,0.930009800940752,1,0.31869447231292725,8,8,2.48546302318573,1.5909147337079048,Bundesliga,25/26
Fynn Schenten,FC Cologne,0,0.030162783339619637,0,0.36186322569847107,1,1,0.3920260090380907,0.36186322569847107,Bundesliga,25/26
Gian-Luca Waldschmidt,FC Cologne,5,5.948785305023193,5,2.634590631350875,26,14,9.19165263697505,3.074689901433885,Bundesliga,25/26
Jahmai Simpson-Pusey,FC Cologne,0,0.305854395031929,0,0.09932500869035721,6,2,1.9975699912756681,1.8982449751347303,Bundesliga,25/26
Jakub Kaminski,FC Cologne,7,7.96647222340107,3,5.589305056259036,62,50,18.4370434358716,9.42793507874012,Bundesliga,25/26
Jan Thielmann,FC Cologne,3,2.051962135359645,1,0.9982307981699705,27,14,7.126834977418184,4.80776459723711,Bundesliga,25/26
Joël Schmied,FC Cologne,0,0.22122081648558378,0,0.14580537378787994,4,2,2.9376384019851685,2.8404782209545374,Bundesliga,25/26
Jusuf Gazibegovic,FC Cologne,0,0.0,0,0.0,0,0,0.04475236311554909,0.04475236311554909,Bundesliga,25/26
Kristoffer Lund,FC Cologne,0,0.631946531124413,2,1.743918489664793,20,20,8.249548189342022,6.765429270453751,Bundesliga,25/26
Linton Maina,FC Cologne,2,1.2888539992272854,0,3.1843907181173563,20,17,6.206527906470001,2.01717865280807,Bundesliga,25/26
Marius Bülter,FC Cologne,5,3.9796841125935316,4,4.703826729208231,42,26,10.374455876648426,3.821078972890973,Bundesliga,25/26
Marvin Schwäbe,FC Cologne,0,0.0,0,0.36419060826301575,0,1,5.936441767960787,5.572251129895449,Bundesliga,25/26
Ragnar Ache,FC Cologne,7,11.002535559237003,4,2.971193479374051,52,28,12.966331753879786,3.5218909652903676,Bundesliga,25/26
Rav van den Berg,FC Cologne,0,0.10706858336925507,1,0.49569860100746155,1,1,2.7127026673406363,2.7127026673406363,Bundesliga,25/26
Said El Mala,FC Cologne,13,12.582745539024472,4,4.186228644102812,74,20,17.244747333228588,3.3356826342642307,Bundesliga,25/26
Sebastian Sebulonsen,FC Cologne,0,1.4893776644021273,0,2.7618500273674726,31,21,11.220519538968801,8.312318425625563,Bundesliga,25/26
Timo Hübers,FC Cologne,0,0.0,0,0.0,0,0,2.0205610003322363,2.0205610003322363,Bundesliga,25/26
Tom Krauß,FC Cologne,0,0.38867363054305315,2,1.2642290331423283,9,15,7.146091844886541,6.019498575478792,Bundesliga,25/26
Youssoupha Niang,FC Cologne,0,0.3172231260687113,0,0.183741956949234,5,3,0.5464278757572174,0.06479304283857346,Bundesliga,25/26
Ísak Bergmann Jóhannesson,FC Cologne,2,1.4332966785877943,2,2.4116498064249754,14,33,9.597796699032187,7.102902231737971,Bundesliga,25/26
Adam Kölle,FC Heidenheim,1,1.0184025764465332,0,0.03532744571566582,3,1,0.1584107019007206,0.03532744571566582,Bundesliga,25/26
Adrian Beck,FC Heidenheim,1,1.0052050724625587,1,2.5323722325265408,11,18,4.7692983113229275,3.3315641935914755,Bundesliga,25/26
Arijon Ibrahimovic,FC Heidenheim,2,5.665725396946073,4,6.767920413985848,47,56,12.540066696703434,3.6231829980388284,Bundesliga,25/26
Benedikt Gimber,FC Heidenheim,0,0.4965052902698517,0,0.21245378255844116,4,1,2.2927268696948886,2.2330755470320582,Bundesliga,25/26
Budu Zivzivadze,FC Heidenheim,6,5.819976218044758,0,0.9086363017559052,28,7,5.734111532568932,0.7583490833640099,Bundesliga,25/26
Christian Conteh,FC Heidenheim,0,0.13346002995967865,0,1.3750529736280441,3,7,2.3051720559597015,0.796659043058753,Bundesliga,25/26
Diant Ramaj,FC Heidenheim,0,0.0,1,0.30300217866897583,0,1,4.836176889017224,4.533174702897668,Bundesliga,25/26
Eren Sami Dinkci,FC Heidenheim,3,4.117178400978446,1,1.117031842470169,29,10,6.608787912875414,2.334158256649971,Bundesliga,25/26
Frank Feller,FC Heidenheim,0,0.0,0,0.0,0,0,0.5666816979646683,0.5666816979646683,Bundesliga,25/26
Hennes Behrens,FC Heidenheim,1,0.3234625067561865,2,2.7504402678459883,9,19,6.172940738499165,4.869937736541033,Bundesliga,25/26
Jan Schöppner,FC Heidenheim,3,2.7691161446273327,3,2.977410864084959,25,14,9.141754516400397,5.333098980598152,Bundesliga,25/26
Jonas Föhrenbach,FC Heidenheim,1,0.6362145002931356,1,2.2612353581935167,6,22,4.08684488851577,2.9511223332956433,Bundesliga,25/26
Julian Niehues,FC Heidenheim,3,2.098195953294635,0,0.7285752408206463,18,7,4.336162481456995,2.817117601633072,Bundesliga,25/26
Leart Paqarada,FC Heidenheim,0,0.0,0,0.0,0,0,0.0,0.0,Bundesliga,25/26
Leonidas Stergiou,FC Heidenheim,0,0.0463435985147953,0,0.0,1,0,0.49333732575178146,0.44699373096227646,Bundesliga,25/26
Luca Kerber,FC Heidenheim,2,1.526185255497694,0,0.15216649509966373,9,2,1.823819350451231,0.5324585903435946,Bundesliga,25/26
Léo Scienza,FC Heidenheim,1,0.1424524337053299,0,1.3223831057548523,4,3,1.1770203709602356,0.7020066827535629,Bundesliga,25/26
Marnon Busch,FC Heidenheim,1,0.7969588423147798,5,3.2484856420196593,12,16,6.242594827432185,4.60207387059927,Bundesliga,25/26
Marvin Pieringer,FC Heidenheim,4,5.809882741421461,1,2.210926704108715,32,17,7.950898176059127,3.3753792364150286,Bundesliga,25/26
Mathias Honsak,FC Heidenheim,2,3.318507017567754,1,1.4457622598856688,31,11,6.105871044099331,1.940842181444168,Bundesliga,25/26
Mikkel Kaufmann,FC Heidenheim,1,1.3755719233304262,1,1.2740651369094849,11,4,1.9072575066238642,0.16082654893398285,Bundesliga,25/26
Niklas Dorsch,FC Heidenheim,0,0.565851017832756,1,2.0714712161570787,14,24,9.595492578111589,9.10862572863698,Bundesliga,25/26
Omar Traoré,FC Heidenheim,0,0.5020455876365304,2,1.4571367260068655,10,13,3.8555765924975276,3.2935838401317596,Bundesliga,25/26
Patrick Mainka,FC Heidenheim,2,3.0282052140682936,2,1.7703800983726978,37,10,8.954858318902552,7.189261053688824,Bundesliga,25/26
Sirlord Conteh,FC Heidenheim,2,3.1821698397397995,1,0.6179677061736584,10,9,3.3415900003165007,0.6492735873907804,Bundesliga,25/26
Stefan Schimmer,FC Heidenheim,5,5.915202781558037,1,1.6511298958212137,32,12,8.382787432521582,1.3862062525004148,Bundesliga,25/26
Thomas Keller,FC Heidenheim,0,0.05427293013781309,0,0.0,2,0,0.12361487094312906,0.11296646483242512,Bundesliga,25/26
Tim Siersleben,FC Heidenheim,0,0.6296908538788557,0,0.11557023227214813,5,2,1.3642809763550758,1.074270966462791,Bundesliga,25/26
Tobias Weigel,FC Heidenheim,0,0.0,0,0.0,0,0,0.03532744571566582,0.03532744571566582,Bundesliga,25/26
Yannik Wagner,FC Heidenheim,0,0.024279415607452393,0,0.2785300724208355,1,3,0.265305258333683,0.07995288819074631,Bundesliga,25/26
Anthony Jung,Freiburg,0,0.03665805235505104,0,0.2247737990692258,1,4,1.299984865821898,1.1594009175896645,Bundesliga,25/26
Bruno Ogbus,Freiburg,0,0.7863243324682117,0,0.02794763259589672,5,1,3.66468408331275,3.310525771230459,Bundesliga,25/26
Christian Günter,Freiburg,0,0.39198047667741776,3,2.233008475974202,9,19,5.913286862894893,4.075682835653424,Bundesliga,25/26
Cyriaque Irié,Freiburg,0,0.6037380173802376,0,0.12981241568922997,7,4,1.3675258830189705,0.7877949215471745,Bundesliga,25/26
Derry Scherhant,Freiburg,5,3.31635710503906,1,1.9648405443876982,36,22,5.468948429450393,1.754570497199893,Bundesliga,25/26
Igor Matanovic,Freiburg,11,9.582080019637942,2,2.2362477499991655,51,22,9.787673662416637,1.3800859227776527,Bundesliga,25/26
Jan-Niklas Beste,Freiburg,2,3.4977346565574408,2,3.7758378759026527,24,36,10.3288358990103,5.829450925812125,Bundesliga,25/26
Johan Manzambi,Freiburg,5,4.023786528035998,4,3.578555628657341,51,19,12.458620447665453,7.704472800716758,Bundesliga,25/26
Jordy Makengo,Freiburg,0,0.0,1,0.7270807102322578,0,5,3.0129974987357855,2.975373087450862,Bundesliga,25/26
Junior Adamu,Freiburg,1,1.7867614552378654,1,1.2455768771469593,8,5,2.3196257650852203,0.8252495266497135,Bundesliga,25/26
Lucas Höler,Freiburg,3,5.246343094855547,1,2.0829393304884434,33,24,8.25760810635984,2.614948822185397,Bundesliga,25/26
Lukas Kübler,Freiburg,2,2.6487669441848993,2,1.39156642742455,19,11,4.891823662444949,3.227331643924117,Bundesliga,25/26
Matthias Ginter,Freiburg,3,2.0582033302634954,3,2.107471376657486,19,14,11.456075862050056,9.383744865655899,Bundesliga,25/26
Max Rosenfelder,Freiburg,0,0.017270773649215698,0,0.0,1,0,0.7206106707453728,0.7206106707453728,Bundesliga,25/26
Maximilian Eggestein,Freiburg,3,3.3948508631438017,1,1.4131045453250408,44,19,10.904619429260492,8.16909633204341,Bundesliga,25/26
Maximilian Philipp,Freiburg,0,0.0,0,0.0,0,0,0.29126933217048645,0.29126933217048645,Bundesliga,25/26
Merlin Röhl,Freiburg,0,0.0,0,0.0,0,0,0.5478483885526657,0.5478483885526657,Bundesliga,25/26
Nicolas Höfler,Freiburg,0,0.11171628721058369,0,0.0,4,0,0.7971062641590834,0.7745334655046463,Bundesliga,25/26
Noah Atubolu,Freiburg,0,0.0,0,0.3416177351027727,0,3,5.907610785216093,5.56599305011332,Bundesliga,25/26
Patrick Osterhage,Freiburg,1,1.2812672033905983,0,0.33297303691506386,7,6,3.0878038182854652,1.5657243579626083,Bundesliga,25/26
Philipp Lienhart,Freiburg,1,0.9484050497412682,0,0.14342699013650417,8,4,5.8486660327762365,5.743671094998717,Bundesliga,25/26
Philipp Treu,Freiburg,1,1.471756223589182,2,1.8126822467893362,17,20,7.696102367714047,4.845858434215188,Bundesliga,25/26
Rouven Tarnutzer,Freiburg,0,0.0,0,0.0,0,0,0.0,0.0,Bundesliga,25/26
Vincenzo Grifo,Freiburg,7,5.46098705381155,4,5.387601099908352,30,39,10.17651617899537,5.148983117192984,Bundesliga,25/26
Yuito Suzuki,Freiburg,4,4.17771103978157,2,2.0996621567755938,38,25,8.436173535883427,3.1268309205770493,Bundesliga,25/26
Aboubaka Soumahoro,Hamburger SV,0,0.0,0,0.020567389205098152,0,1,0.0691862553358078,0.0691862553358078,Bundesliga,25/26
Albert Grønbæk,Hamburger SV,1,0.41557495575398207,2,1.4378090538084507,8,8,2.706360399723053,1.1875548586249352,Bundesliga,25/26
Albert Sambi Lokonga,Hamburger SV,5,1.667557841166854,0,1.3766824714839458,19,25,6.4992835521698,4.499082233756781,Bundesliga,25/26
Alexander Røssing-Lelesiit,Hamburger SV,0,0.08903256431221962,1,0.7265190482139587,2,5,0.8746454827487469,0.05909386835992336,Bundesliga,25/26
Bakery Jatta,Hamburger SV,1,1.5474212262779474,1,0.29656318202614784,11,5,2.9988179728388786,1.4511013012379408,Bundesliga,25/26
Damion Downs,Hamburger SV,0,0.4918728657066822,0,0.7069971961900592,7,7,1.3340397626161575,0.13516972213983536,Bundesliga,25/26
Daniel Elfadli,Hamburger SV,0,0.6049705110490322,0,0.17046347633004189,4,2,1.874638892710209,1.6594158932566643,Bundesliga,25/26
Daniel Heuer Fernandes,Hamburger SV,0,0.12809063494205475,0,0.0,1,0,5.012303248047829,5.012303248047829,Bundesliga,25/26
Emir Sahiti,Hamburger SV,0,0.0,0,0.013570391573011875,0,1,0.013570391573011875,0.0,Bundesliga,25/26
Fabio Baldé,Hamburger SV,1,0.946309395134449,1,1.2405132353305817,9,5,2.457134682685137,0.46073320508003235,Bundesliga,25/26
Fábio Vieira,Hamburger SV,7,4.894621319137514,5,4.638651036657393,59,39,12.298777882009745,5.455926336348057,Bundesliga,25/26
Giorgi Gocholeishvili,Hamburger SV,0,0.9827461671084166,1,0.6386436335742474,14,9,3.0658979546278715,1.6764663234353065,Bundesliga,25/26
Guilherme Ramos,Hamburger SV,0,0.12104368209838867,0,0.0,1,0,0.1867151726037264,0.1867151726037264,Bundesliga,25/26
Immanuel Pherai,Hamburger SV,0,0.02896745502948761,0,0.0,1,0,0.15311477333307266,0.15311477333307266,Bundesliga,25/26
Jean-Luc Dompe,Hamburger SV,3,2.179867002181709,0,4.0452390015125275,25,33,5.373646780848503,1.3945018351078033,Bundesliga,25/26
Jonas Meffert,Hamburger SV,0,0.0,0,0.127674862742424,0,2,0.3951718807220459,0.2674970142543316,Bundesliga,25/26
Jordan Torunarigha,Hamburger SV,0,0.30975886061787605,0,0.14169274270534515,5,2,2.372671600896865,2.242847737390548,Bundesliga,25/26
Louis Lemke,Hamburger SV,0,0.0,0,0.0,0,0,0.0,0.0,Bundesliga,25/26
Luka Vuskovic,Hamburger SV,6,4.682130139321089,0,0.5671260496601462,31,11,8.051702403463423,6.383656639605761,Bundesliga,25/26
Miro Muheim,Hamburger SV,0,1.3705227468162775,4,3.492499830201268,24,40,6.304988786578178,4.909944733604789,Bundesliga,25/26
Nicolai Remberg,Hamburger SV,0,1.0534912925213575,2,2.1542654521763325,17,13,9.058403618633747,7.185781825333834,Bundesliga,25/26
Nicolás Capaldo,Hamburger SV,1,2.6900635082274675,3,1.8462919499725103,22,22,6.40477589238435,2.652264328673482,Bundesliga,25/26
Otto Stange,Hamburger SV,0,0.6612029634416103,0,0.10392893105745316,9,1,0.7412202656269073,0.15971136465668678,Bundesliga,25/26
Philip Otele,Hamburger SV,1,1.006495863199234,1,0.961767042055726,7,9,2.0749266296625137,0.31537631154060364,Bundesliga,25/26
Ransford Königsdörffer,Hamburger SV,5,8.097989899106324,0,1.2930769845843315,65,20,10.459908859804273,2.8092102147638798,Bundesliga,25/26
Rayan Philippe,Hamburger SV,5,5.646055448800325,0,1.3564898148179054,39,15,6.413698500022292,1.2521088868379593,Bundesliga,25/26
Robert Glatzel,Hamburger SV,3,2.8448161985725164,2,0.8636805173009634,16,6,3.0260464753955603,0.5884653031826019,Bundesliga,25/26
Sander Tangvik,Hamburger SV,0,0.0,0,0.0,0,0,0.05315857008099556,0.05315857008099556,Bundesliga,25/26
Shafiq Nandja,Hamburger SV,0,0.0,0,0.0,0,0,0.0,0.0,Bundesliga,25/26
Warmed Omari,Hamburger SV,0,0.06892025843262672,1,0.40605427138507366,3,8,2.701174132525921,2.4303623382002115,Bundesliga,25/26
William Mikelbrencis,Hamburger SV,0,1.4683683505281806,4,2.816693114116788,12,16,4.9622572138905525,0.8413018770515919,Bundesliga,25/26
Yussuf Poulsen,Hamburger SV,1,0.6910383813083172,0,0.2802915424108505,7,2,1.617140244692564,0.806505823507905,Bundesliga,25/26
Adam Hlozek,Hoffenheim,0,1.1858347058296204,0,0.0,3,0,1.2055274061858654,0.01969270035624504,Bundesliga,25/26
Albian Hajdari,Hoffenheim,1,1.951246085576713,2,1.4744714088737965,19,9,9.048692982643843,7.608659699559212,Bundesliga,25/26
Alexander Prass,Hoffenheim,3,1.6435396876186132,2,2.1666669230908155,18,18,6.382722614333034,3.386800726875663,Bundesliga,25/26
Andrej Kramaric,Hoffenheim,14,13.078245226293802,6,4.530489624477923,65,35,18.172342345118523,7.810636706650257,Bundesliga,25/26
Bazoumana Touré,Hoffenheim,5,5.141797917895019,9,7.229519298300147,48,44,16.133680978789926,6.017529154196382,Bundesliga,25/26
Bernardo,Hoffenheim,0,0.4374553086236119,0,0.3528335839509964,10,9,8.209371864795685,7.91454927995801,Bundesliga,25/26
Fisnik Asllani,Hoffenheim,10,9.504826286807656,7,5.401737725362182,73,34,19.754683665931225,6.661823563277721,Bundesliga,25/26
Grischa Prömel,Hoffenheim,7,5.130105700343847,2,2.619504975154996,42,17,10.6988823749125,3.4885037057101727,Bundesliga,25/26
Ihlas Bebou,Hoffenheim,0,0.6424789670854807,0,0.9731176495552063,5,2,2.42434592731297,0.8316981624811888,Bundesliga,25/26
Kevin Akpoguma,Hoffenheim,0,0.0,0,0.0,0,0,0.16515625268220901,0.16515625268220901,Bundesliga,25/26
Koki Machida,Hoffenheim,0,0.0,0,0.0,0,0,0.045069705694913864,0.045069705694913864,Bundesliga,25/26
Leon Avdullahu,Hoffenheim,0,0.5229936568066478,1,1.3252581506967545,14,22,13.051670419052243,11.703141951933503,Bundesliga,25/26
Luka Djuric,Hoffenheim,0,0.0,0,0.0,0,0,0.058380626142024994,0.058380626142024994,Bundesliga,25/26
Max Moerstedt,Hoffenheim,2,1.2503958828747272,0,0.6729935109615326,6,2,3.1903133746236563,1.2669239956885576,Bundesliga,25/26
Muhammed Damar,Hoffenheim,0,1.7655513063073158,0,1.0132234552875161,12,12,3.105889745056629,0.7359195481985807,Bundesliga,25/26
Oliver Baumann,Hoffenheim,0,0.0,0,0.033280711621046066,0,1,5.951814202591777,5.951814202591777,Bundesliga,25/26
Ozan Kabak,Hoffenheim,4,4.639676934108138,0,0.4478818494826555,35,9,8.401237551122904,5.430384643375874,Bundesliga,25/26
Robin Hranác,Hoffenheim,1,2.0698564872145653,0,0.12790422700345516,8,3,7.542697021737695,7.542697021737695,Bundesliga,25/26
Tim Lemperle,Hoffenheim,8,9.412074415013194,2,2.5754604805260897,53,26,13.365150267258286,2.924194620922208,Bundesliga,25/26
Umut Tohumcu,Hoffenheim,0,0.08933279849588871,0,0.0,2,0,0.23116048239171505,0.20984981767833233,Bundesliga,25/26
Valentin Gendrey,Hoffenheim,1,0.3482030779123306,1,0.72549694404006,2,3,1.073700025677681,0.0,Bundesliga,25/26
Vladimir Coufal,Hoffenheim,1,0.9888284020125866,8,7.478693185374141,26,58,15.418089099228382,11.00063280761242,Bundesliga,25/26
Wouter Burger,Hoffenheim,4,4.212299581617117,5,5.882515028119087,36,51,14.252158349379897,7.1257195975631475,Bundesliga,25/26
Yannick Eduardo,Hoffenheim,0,0.0,0,0.0,0,0,0.0,0.0,Bundesliga,25/26
Andreas Hanche-Olsen,Mainz 05,0,0.23574959114193916,1,0.709290836006403,6,3,2.0370114482939243,1.2583506405353546,Bundesliga,25/26
Anthony Caci,Mainz 05,0,0.26115116849541664,0,1.723295472562313,6,11,3.7935716342180967,3.304370043799281,Bundesliga,25/26
Armindo Sieb,Mainz 05,2,2.8665214106440544,0,0.598957596346736,18,8,4.1541723646223545,0.9499620124697685,Bundesliga,25/26
Arnaud Nordin,Mainz 05,0,0.7219278290867805,0,0.14084352925419807,13,2,1.0664126202464104,0.3882246594876051,Bundesliga,25/26
Ben Bobzien,Mainz 05,0,0.0,0,0.0,0,0,0.29462552070617676,0.29462552070617676,Bundesliga,25/26
Benedict Hollerbach,Mainz 05,1,2.9790893960744143,2,1.8817622810602188,22,4,4.888501934707165,1.3094587735831738,Bundesliga,25/26
Daniel Batz,Mainz 05,0,0.0,0,0.0,0,0,3.298780217766762,3.298780217766762,Bundesliga,25/26
Danny da Costa,Mainz 05,2,2.4268228095024824,3,2.82913017924875,14,16,9.897982249036431,7.1928225085139275,Bundesliga,25/26
Dominik Kohr,Mainz 05,2,1.8827898502349854,0,1.911913337185979,16,10,7.240472108125687,6.1323061883449554,Bundesliga,25/26
Fabio Moreno Fell,Mainz 05,0,0.051751505583524704,0,0.0,1,0,0.0,0.0,Bundesliga,25/26
Jae-Sung Lee,Mainz 05,4,4.2225238950923085,2,3.3260836768895388,30,22,9.913661483675241,3.6422146558761597,Bundesliga,25/26
Kacper Potulski,Mainz 05,1,2.6196836456656456,0,0.6171241998672485,14,2,1.225274246186018,0.9039126615971327,Bundesliga,25/26
Kaishu Sano,Mainz 05,1,1.6013844851404428,2,3.6190584171563387,24,25,14.120248086750507,10.931938745081425,Bundesliga,25/26
Lasse Rieß,Mainz 05,0,0.0,0,0.0,0,0,0.0500621423125267,0.0500621423125267,Bundesliga,25/26
Lennard Maloney,Mainz 05,0,0.5511733032763004,0,0.04304572194814682,5,1,0.2704647099599242,0.26063088327646255,Bundesliga,25/26
Maxim Leitsch,Mainz 05,0,0.02450724132359028,0,0.0,1,0,0.35979217290878296,0.35979217290878296,Bundesliga,25/26
Nadiem Amiri,Mainz 05,12,10.704714082181454,2,6.560079865157604,54,64,12.271673714742064,5.860426990315318,Bundesliga,25/26
Nelson Weiper,Mainz 05,0,2.7776461020112038,0,0.3957122415304184,13,7,1.864802185446024,0.2630641795694828,Bundesliga,25/26
Nikolas Veratschnig,Mainz 05,0,0.14785984437912703,1,1.0244743488729,4,4,1.3057616231963038,0.501030370593071,Bundesliga,25/26
Paul Nebel,Mainz 05,5,5.769457034766674,2,5.342756656929851,32,41,14.08178748562932,4.246757362037897,Bundesliga,25/26
Philipp Mwene,Mainz 05,1,2.0332534685730934,2,2.139080299064517,10,18,8.51742416061461,6.025996465235949,Bundesliga,25/26
Robin Zentner,Mainz 05,0,0.0,0,0.0,0,0,0.803024910390377,0.803024910390377,Bundesliga,25/26
Sheraldo Becker,Mainz 05,3,4.820014007389545,3,3.5413313172757626,29,17,10.662561360746622,2.4736453220248222,Bundesliga,25/26
Silas Wamangituka,Mainz 05,1,2.3329260647296906,0,0.19232766702771187,8,3,2.63218654692173,0.12075703963637352,Bundesliga,25/26
Silvan Widmer,Mainz 05,2,2.7386183850467205,1,1.8089449182152748,20,8,7.704604331403971,4.957497945055366,Bundesliga,25/26
Sota Kawasaki,Mainz 05,0,0.04572444409132004,0,0.0,1,0,0.22899293899536133,0.1832684949040413,Bundesliga,25/26
Stefan Bell,Mainz 05,2,1.840271808207035,1,1.202451154589653,12,5,3.5781668480485678,1.6757325250655413,Bundesliga,25/26
Stefan Posch,Mainz 05,0,0.40110114123672247,0,0.48943244107067585,10,8,4.902905914932489,4.450077299028635,Bundesliga,25/26
William Bøving,Mainz 05,0,0.01329879555851221,1,0.5447267256677151,1,4,0.37258195877075195,0.37258195877075195,Bundesliga,25/26
Andrija Maksimovic,RasenBallsport Leipzig,0,0.0663988795131445,0,0.3666895739734173,2,3,0.42848074436187744,0.40251037664711475,Bundesliga,25/26
Antonio Nusa,RasenBallsport Leipzig,4,5.204239755868912,3,4.748528776690364,61,33,16.717872930690646,8.048371147364378,Bundesliga,25/26
Assan Ouédraogo,RasenBallsport Leipzig,4,2.8071718588471413,3,3.0103504192084074,27,14,8.333011165261269,5.714822366833687,Bundesliga,25/26
Benjamin Henrichs,RasenBallsport Leipzig,1,0.1952432431280613,0,0.16614441573619843,4,3,2.9554218724370003,2.643328309059143,Bundesliga,25/26
Bote Baku,RasenBallsport Leipzig,2,3.1076600458472967,3,5.799184195697308,30,37,19.285520542412996,15.120991684496403,Bundesliga,25/26
Brajan Gruda,RasenBallsport Leipzig,3,3.5306676402688026,3,3.072212206199765,21,17,8.732655480504036,3.745684714987874,Bundesliga,25/26
Castello Lukeba,RasenBallsport Leipzig,1,0.8890010062605143,0,0.24011876247823238,8,6,13.522159865126014,13.34397491067648,Bundesliga,25/26
Christoph Baumgartner,RasenBallsport Leipzig,13,18.02284111827612,8,4.292830726131797,81,37,24.001264337450266,8.360922181978822,Bundesliga,25/26
Conrad Harder,RasenBallsport Leipzig,3,4.679239679127932,3,2.816276628524065,42,14,7.420943347737193,1.14351468347013,Bundesliga,25/26
David Raum,RasenBallsport Leipzig,3,2.401866391301155,7,11.038921784609556,24,96,20.633256940171123,16.384972443804145,Bundesliga,25/26
El Chadaille Bitshiabu,RasenBallsport Leipzig,0,0.12947118654847145,0,0.05675680562853813,2,2,3.4552890360355377,3.4552890360355377,Bundesliga,25/26
Ezechiel Banzuzi,RasenBallsport Leipzig,0,1.248297218233347,1,0.353797547519207,15,7,3.044343562796712,1.8351374585181475,Bundesliga,25/26
Johan Bakayoko,RasenBallsport Leipzig,2,2.3763104043900967,0,1.30585958622396,24,10,6.649200826883316,3.9723781123757362,Bundesliga,25/26
Kevin Kampl,RasenBallsport Leipzig,0,0.0,0,0.0,0,0,0.0,0.0,Bundesliga,25/26
Kosta Nedeljkovic,RasenBallsport Leipzig,0,0.0,0,0.0,0,0,0.3027626611292362,0.3027626611292362,Bundesliga,25/26
Loïs Openda,RasenBallsport Leipzig,0,0.15504523739218712,0,0.051909636706113815,3,1,0.5808013305068016,0.5808013305068016,Bundesliga,25/26
Lukas Klostermann,RasenBallsport Leipzig,0,0.10610051080584526,1,0.16196180507540703,2,2,1.1594983972609043,0.9541020207107067,Bundesliga,25/26
Maarten Vandevoordt,RasenBallsport Leipzig,0,0.0,0,0.0,0,0,3.504514906555414,3.504514906555414,Bundesliga,25/26
Max Finkgrafe,RasenBallsport Leipzig,1,0.22592449933290482,1,0.6198278795927763,4,12,4.128876706585288,3.778356781229377,Bundesliga,25/26
Nicolas Seiwald,RasenBallsport Leipzig,0,1.818481955677271,2,1.8090799655765295,20,15,16.26779694482684,14.033266069367528,Bundesliga,25/26
Péter Gulácsi,RasenBallsport Leipzig,0,0.0,0,0.0,0,0,5.831954948604107,5.831954948604107,Bundesliga,25/26
Rômulo,RasenBallsport Leipzig,9,15.936640277504921,4,3.606802409514785,63,25,23.735963854938745,7.021602770313621,Bundesliga,25/26
Samba Konate,RasenBallsport Leipzig,0,0.0413617305457592,0,0.0,1,0,0.0,0.0,Bundesliga,25/26
Tidiam Gomis,RasenBallsport Leipzig,1,0.6109884418547153,0,0.48779478669166565,9,3,1.586239816620946,0.7072353083640337,Bundesliga,25/26
Timo Werner,RasenBallsport Leipzig,0,0.0,0,0.0,0,0,0.04754505679011345,0.04754505679011345,Bundesliga,25/26
Willi Orban,RasenBallsport Leipzig,2,3.142488135956228,0,0.7130345124751329,20,11,16.448472633957863,15.863021917641163,Bundesliga,25/26
Xaver Schlager,RasenBallsport Leipzig,3,2.157680917531252,1,2.197766998782754,21,21,20.343336034566164,17.009082730859518,Bundesliga,25/26
Xavi Simons,RasenBallsport Leipzig,0,0.0,0,0.02922726608812809,0,1,0.25656625628471375,0.25656625628471375,Bundesliga,25/26
Yan Diomande,RasenBallsport Leipzig,12,8.03020796738565,8,10.04887573234737,53,57,29.469644859433174,14.411308905109763,Bundesliga,25/26
Abdoulie Ceesay,St. Pauli,3,1.543990956619382,0,0.4445373900234699,11,3,1.7915069554001093,0.24322334676980972,Bundesliga,25/26
Adam Dzwigala,St. Pauli,1,0.15548471733927727,1,0.2130086086690426,4,5,2.6446524187922478,2.524500971660018,Bundesliga,25/26
Andréas Hountondji,St. Pauli,4,4.958361548837274,0,0.7058144751936197,21,6,3.75940072350204,0.1124955490231514,Bundesliga,25/26
Arkadiusz Pyrka,St. Pauli,0,1.008908435702324,1,2.2230269787833095,19,24,8.325334949418902,6.6152997855097055,Bundesliga,25/26
Connor Metcalfe,St. Pauli,0,0.7382826870307326,2,1.1607451755553484,16,9,1.9794561108574271,0.7128131743520498,Bundesliga,25/26
Danel Sinani,St. Pauli,5,5.7479472532868385,3,3.7052691830322146,49,45,9.471564121544361,5.2387011256068945,Bundesliga,25/26
Eric Smith,St. Pauli,2,0.814800588414073,2,0.8954977933317423,12,18,5.893046077340841,5.734260914847255,Bundesliga,25/26
Finley Stevens,St. Pauli,0,0.0,0,0.0,0,0,0.041828397661447525,0.041828397661447525,Bundesliga,25/26
Hauke Wahl,St. Pauli,2,0.5231343070045114,1,0.6354480646550655,10,6,3.7871760576963425,3.6133358404040337,Bundesliga,25/26
Jackson Irvine,St. Pauli,0,1.6277177091687918,1,0.908556679263711,19,11,4.692420791834593,2.7359869442880154,Bundesliga,25/26
James Sands,St. Pauli,1,0.8688814658671618,0,0.9661839380860329,16,10,4.826324421912432,3.5835245344787836,Bundesliga,25/26
Joel Chima Fujita,St. Pauli,1,1.4086154643446207,3,4.352827329188585,32,30,9.678257964551449,4.85630483366549,Bundesliga,25/26
Karol Mets,St. Pauli,1,0.7716115931980312,0,0.1689066644757986,7,4,3.6232578307390213,3.6035998510196805,Bundesliga,25/26
Lars Ritzka,St. Pauli,0,0.22573823854327202,0,0.8755739834159613,4,6,1.4658792736008763,0.7808276889845729,Bundesliga,25/26
Louis Oppie,St. Pauli,1,1.1548993904143572,0,1.1255840882658958,15,10,4.7634373884648085,2.7592283356934786,Bundesliga,25/26
Manolis Saliakas,St. Pauli,1,0.5466044023633003,3,0.9010673672892153,16,12,2.8804356046020985,1.7787759266793728,Bundesliga,25/26
Martijn Kaars,St. Pauli,3,3.8047829251736403,1,1.339794876985252,23,10,6.194270332343876,3.194861490279436,Bundesliga,25/26
Mathias Rasmussen,St. Pauli,0,0.7939996533095837,0,0.26394072920084,6,5,2.191186435520649,1.7720584273338318,Bundesliga,25/26
Nikola Vasilj,St. Pauli,0,0.0,0,0.0,0,0,2.8116685058921576,2.8116685058921576,Bundesliga,25/26
Oladapo Afolayan,St. Pauli,0,0.526158856227994,0,0.08374877460300922,4,2,0.7736875526607037,0.16377991437911987,Bundesliga,25/26
Pereira Lage,St. Pauli,2,4.428796678781509,2,2.062663111835718,43,24,6.917279999703169,2.1819291338324547,Bundesliga,25/26
Ricky-Jade Jones,St. Pauli,2,2.837136209011078,0,1.4098595241084695,11,7,4.384352348744869,0.17614782229065895,Bundesliga,25/26
Taichi Hara,St. Pauli,0,0.2931467592716217,0,0.0,1,0,0.2931467592716217,0.0,Bundesliga,25/26
Tomoya Ando,St. Pauli,0,0.5493685305118561,1,1.2957977838814259,8,6,3.7063579857349396,3.663719467818737,Bundesliga,25/26
Alex Kral,Union Berlin,0,0.35847950726747513,0,0.272127328440547,7,4,1.076263951137662,0.6060352418571711,Bundesliga,25/26
Aljoscha Kemlein,Union Berlin,0,1.4002653919160366,2,1.5705977864563465,17,14,6.956056768074632,5.00193196348846,Bundesliga,25/26
Andras Schafer,Union Berlin,2,1.778747895732522,1,0.7768908403813839,27,6,5.5322664473205805,3.3308603167533875,Bundesliga,25/26
Andrej Ilic,Union Berlin,5,11.113924760371447,9,4.753498738631606,71,30,13.322315469384193,2.3859814694151282,Bundesliga,25/26
Carl Klaus,Union Berlin,0,0.0,0,0.0,0,0,0.5431037116795778,0.5431037116795778,Bundesliga,25/26
Christopher Trimmel,Union Berlin,0,0.07365039084106684,3,5.092283573001623,5,52,4.565780051983893,3.3375917868688703,Bundesliga,25/26
Danilho Doekhi,Union Berlin,5,4.879229350015521,0,0.54770487267524,45,8,4.549193911254406,3.164020985364914,Bundesliga,25/26
Derrick Köhn,Union Berlin,1,2.375174617394805,2,3.0893841087818146,28,25,4.535877007059753,2.7453682981431484,Bundesliga,25/26
Diogo Leite,Union Berlin,0,0.7947779260575771,0,0.46254740469157696,10,9,4.022552821785212,3.7514554671943188,Bundesliga,25/26
Dmytro Bogdanov,Union Berlin,0,0.5116710662841797,0,0.0,3,0,0.44151416420936584,0.0,Bundesliga,25/26
Frederik Rönnow,Union Berlin,0,0.0,0,0.018664758652448654,0,1,1.797542778775096,1.7788780201226473,Bundesliga,25/26
Ilyas Ansah,Union Berlin,5,3.8260167790576816,1,1.5223449170589447,33,17,6.577519843354821,2.9834984317421913,Bundesliga,25/26
Janik Haberer,Union Berlin,0,0.6165919480845332,1,1.4660948365926743,11,21,2.625936538912356,1.615098069421947,Bundesliga,25/26
Josip Juranovic,Union Berlin,1,0.7259451868012547,1,1.2349283397197723,4,12,1.2414962649345398,0.4408333860337734,Bundesliga,25/26
Leopold Querfeld,Union Berlin,3,3.893261847086251,0,2.3009741939604282,29,21,4.945359595119953,3.9754452016204596,Bundesliga,25/26
Linus Güther,Union Berlin,0,0.0,0,0.0,0,0,0.0,0.0,Bundesliga,25/26
Livan Burcu,Union Berlin,1,2.16127123311162,1,0.5088458983227611,16,9,2.6868134327232838,0.9930684771388769,Bundesliga,25/26
Marin Ljubicic,Union Berlin,2,1.5059347748756409,0,0.0,2,0,0.6139925122261047,0.0,Bundesliga,25/26
Matheo Raab,Union Berlin,0,0.0,0,0.0,0,0,0.0,0.0,Bundesliga,25/26
Oliver Burke,Union Berlin,6,6.0373401287943125,2,2.2901990823447704,34,23,9.287183087319136,1.809681724756956,Bundesliga,25/26
Rani Khedira,Union Berlin,5,2.2710952758789062,1,2.3157351221889257,23,16,6.596783770248294,3.21970677934587,Bundesliga,25/26
Robert Skov,Union Berlin,0,0.032468199729919434,0,0.08000954240560532,1,1,0.3229803517460823,0.2905121520161629,Bundesliga,25/26
Stanley N'Soki,Union Berlin,1,0.13325468823313713,2,0.20163500867784023,3,4,1.0962544791400433,0.9779290817677975,Bundesliga,25/26
Tim Skarke,Union Berlin,1,0.906526424922049,1,1.4481029501184821,14,11,3.765563036315143,1.586321622133255,Bundesliga,25/26
Tom Rothe,Union Berlin,2,1.6000693328678608,0,0.9030134752392769,19,11,2.1565405651926994,1.3000704422593117,Bundesliga,25/26
Woo-Yeong Jeong,Union Berlin,4,2.681515445932746,1,0.4271412957459688,22,6,4.1683559119701385,1.4844767227768898,Bundesliga,25/26
Alexander Nübel,VfB Stuttgart,0,0.0,1,0.36824002489447594,0,4,7.689679289236665,7.51086644269526,Bundesliga,25/26
Ameen Al Dakhil,VfB Stuttgart,0,0.06256280839443207,0,0.08149907365441322,1,2,0.7323282063007355,0.717394694685936,Bundesliga,25/26
Angelo Stiller,VfB Stuttgart,2,3.622028611600399,5,6.064722905866802,17,54,19.65218799188733,14.894567806273699,Bundesliga,25/26
Atakan Karazor,VfB Stuttgart,0,1.0594271700829268,1,1.621204137802124,7,13,11.42892475426197,8.954623859375715,Bundesliga,25/26
Badredine Bouanani,VfB Stuttgart,0,1.0744991190731525,0,0.5685664489865303,16,5,4.118053063750267,2.8789315968751907,Bundesliga,25/26
Bilal El Khannouss,VfB Stuttgart,4,3.092769087292254,5,5.275783350691199,42,44,11.292239958420396,5.437266502529383,Bundesliga,25/26
Chema Andres,VfB Stuttgart,3,1.9759311750531197,0,1.2185792801901698,15,15,8.577176412567496,7.514525938779116,Bundesliga,25/26
Chris Führich,VfB Stuttgart,7,4.271757278591394,7,7.827977802604437,45,49,17.83286163210869,10.075685493648052,Bundesliga,25/26
Dan-Axel Zagadou,VfB Stuttgart,0,0.29566334933042526,0,0.0886286199092865,6,1,0.9479237943887711,0.7582869995385408,Bundesliga,25/26
Deniz Undav,VfB Stuttgart,19,19.05754723213613,6,5.584789767861366,124,38,30.379802346229553,9.692078652791679,Bundesliga,25/26
Ermedin Demirovic,VfB Stuttgart,12,8.664393775165081,3,2.179655436426401,41,17,13.179813992232084,4.325801435858011,Bundesliga,25/26
Finn Jeltsch,VfB Stuttgart,0,0.19509844854474068,1,0.10187679901719093,3,5,5.332050487399101,5.174723267555237,Bundesliga,25/26
Jamie Leweling,VfB Stuttgart,7,4.102848822250962,9,6.05470309779048,49,41,17.34269355610013,9.020369471982121,Bundesliga,25/26
Jeremy Arévalo,VfB Stuttgart,0,0.15828637033700943,1,0.062080275267362595,3,1,0.34943726658821106,0.12907062470912933,Bundesliga,25/26
Joshua Vagnoman,VfB Stuttgart,1,3.556872447952628,3,2.121924228966236,19,16,7.574769550934434,3.1966566257178783,Bundesliga,25/26
Julian Chabot,VfB Stuttgart,0,1.6176300728693604,0,0.2743483893573284,18,7,11.031767396256328,10.77568300254643,Bundesliga,25/26
Lazar Jovanovic,VfB Stuttgart,0,0.0999414473772049,0,0.09531611576676369,1,2,0.19525755941867828,0.0,Bundesliga,25/26
Lorenz Assignon,VfB Stuttgart,0,0.6752535561099648,0,1.0527520487084985,12,10,5.320500722154975,4.25156906992197,Bundesliga,25/26
Luca Jaquez,VfB Stuttgart,0,0.15299018938094378,1,0.4413405451923609,4,5,3.8481910564005375,3.353291839361191,Bundesliga,25/26
Maximilian Mittelstädt,VfB Stuttgart,6,4.954262416809797,4,5.520105980336666,31,37,16.285320289433002,12.091185672208667,Bundesliga,25/26
Nick Woltemade,VfB Stuttgart,0,0.0,0,0.34767159819602966,0,1,0.5924015045166016,0.2447298914194107,Bundesliga,25/26
Nikolas Nartey,VfB Stuttgart,4,4.401471285149455,3,3.354308173060417,22,24,12.59413393214345,5.368743376806378,Bundesliga,25/26
Pascal Stenzel,VfB Stuttgart,0,0.15920219477266073,0,0.0,3,0,0.2664077952504158,0.11815702170133591,Bundesliga,25/26
Ramon Hendriks,VfB Stuttgart,0,0.2131752036511898,3,0.5864755865186453,5,6,9.381356485188007,9.077877201139927,Bundesliga,25/26
Tiago Tomás,VfB Stuttgart,5,5.533668488264084,3,1.2588633932173252,35,11,8.350152125582099,2.681462910026312,Bundesliga,25/26
Amos Pieper,Werder Bremen,0,0.3870185147970915,0,0.06971349939703941,8,2,2.2050731107592583,2.1713340766727924,Bundesliga,25/26
Cameron Puertas,Werder Bremen,1,2.220278110355139,2,2.42338989302516,37,28,7.052124924957752,4.7557182889431715,Bundesliga,25/26
Felix Agu,Werder Bremen,0,0.08192805992439389,0,0.44715105555951595,2,7,1.3019620757550001,1.035733675584197,Bundesliga,25/26
Isaac Schmidt,Werder Bremen,1,0.5206902362406254,0,0.5155902737751603,5,10,3.2245144806802273,2.3847034201025963,Bundesliga,25/26
Isak Hansen-Aaröen,Werder Bremen,0,0.0,0,0.0,0,0,0.0,0.0,Bundesliga,25/26
Jens Stage,Werder Bremen,10,6.0983161851763725,2,3.4768182542175055,57,26,12.630906242877245,5.692467089742422,Bundesliga,25/26
Jovan Milosevic,Werder Bremen,3,2.319580804556608,1,0.24364536255598068,12,3,2.8273107409477234,0.4218983128666878,Bundesliga,25/26
Julián Malatini,Werder Bremen,0,0.02844528667628765,0,0.1550656594336033,2,2,1.295384829863906,1.235657211393118,Bundesliga,25/26
Justin Njinmah,Werder Bremen,5,6.778727872297168,0,1.2397968284785748,62,17,11.163103096187115,3.214089992456138,Bundesliga,25/26
Karim Coulibaly,Werder Bremen,1,1.1301267184317112,0,0.19372600317001343,6,7,4.0185731295496225,3.783440677449107,Bundesliga,25/26
Karl Hein,Werder Bremen,0,0.0,0,0.0,0,0,0.270400308072567,0.270400308072567,Bundesliga,25/26
Keke Maximilian Topp,Werder Bremen,1,2.021150179207325,1,0.873332935385406,25,9,4.603332705795765,2.0922563280910254,Bundesliga,25/26
Leonardo Bittencourt,Werder Bremen,0,0.21512252185493708,1,0.8824588861316442,7,5,2.723938686773181,2.383876219391823,Bundesliga,25/26
Marco Friedl,Werder Bremen,1,0.729124104604125,0,0.2931987326592207,8,5,5.8012143187224865,5.562721598893404,Bundesliga,25/26
Marco Grüll,Werder Bremen,3,4.225460607558489,1,2.3132778629660606,43,33,9.543412220664322,4.941745131276548,Bundesliga,25/26
Maximilian Wöber,Werder Bremen,0,0.0,0,0.426640123128891,0,1,0.426640123128891,0.426640123128891,Bundesliga,25/26
Mick Schmetgens,Werder Bremen,0,0.0,0,0.0,0,0,0.23905259370803833,0.23905259370803833,Bundesliga,25/26
Mio Backhaus,Werder Bremen,0,0.0,0,0.0,0,0,3.336742208339274,3.336742208339274,Bundesliga,25/26
Niklas Stark,Werder Bremen,0,0.5795709788799286,0,0.0,3,0,0.45128859393298626,0.4041371922940016,Bundesliga,25/26
Olivier Deman,Werder Bremen,1,0.428515175357461,2,1.47944251075387,10,17,4.93840117380023,3.729718029499054,Bundesliga,25/26
Patrice Covic,Werder Bremen,1,1.1091214641928673,0,0.940799904987216,5,4,2.82220889814198,1.3946651984006166,Bundesliga,25/26
Romano Schmid,Werder Bremen,4,7.935770924203098,8,10.276878538541496,57,87,17.899825293570757,6.946343030780554,Bundesliga,25/26
Salim Musah,Werder Bremen,1,0.47056055441498756,0,0.25294122099876404,7,3,0.8138958923518658,0.18231510370969772,Bundesliga,25/26
Samuel Mbangula,Werder Bremen,3,1.8366767894476652,2,1.0369327440857887,17,14,4.303910743445158,1.9078107355162501,Bundesliga,25/26
Senne Lynen,Werder Bremen,0,1.0010085487738252,0,1.2373423893004656,25,14,9.094095415435731,7.418055593036115,Bundesliga,25/26
Skelly Alvero,Werder Bremen,0,0.0,0,0.0,0,0,0.07283493131399155,0.07283493131399155,Bundesliga,25/26
Victor Boniface,Werder Bremen,0,0.908873425796628,2,1.0533378049731255,16,7,2.354151902720332,0.713976114988327,Bundesliga,25/26
Yukinari Sugawara,Werder Bremen,0,1.6741932658478618,6,2.4432157278060913,30,20,8.13111265283078,5.448099664412439,Bundesliga,25/26
Aaron Zehnter,Wolfsburg,2,1.8096191370859742,0,1.0538889579474926,11,16,5.76640553586185,3.103568371385336,Bundesliga,25/26
Adam Daghim,Wolfsburg,2,3.1088089011609554,3,3.074686413630843,27,18,9.786626935005188,4.455633115023375,Bundesliga,25/26
Andreas Skov Olsen,Wolfsburg,1,0.19574299361556768,0,0.8937978446483612,7,7,2.4187796115875244,1.530781688168645,Bundesliga,25/26
Bence Dárdai,Wolfsburg,0,0.0,0,0.012427224777638912,0,1,0.012427224777638912,0.0,Bundesliga,25/26
Christian Eriksen,Wolfsburg,3,5.570981449447572,9,7.904180903919041,38,62,14.289100974798203,8.979044845327735,Bundesliga,25/26
Denis Vavro,Wolfsburg,1,1.6649845857173204,0,0.17777816951274872,12,3,1.7065384555608034,1.423941339366138,Bundesliga,25/26
Dzenan Pejcinovic,Wolfsburg,8,8.291429496370256,0,1.645487703382969,51,12,9.861923123709857,1.750562708824873,Bundesliga,25/26
Jan Bürger,Wolfsburg,0,0.06012657471001148,0,0.1284901462495327,2,2,1.0541414730250835,0.9940148964524269,Bundesliga,25/26
Jenson Seelt,Wolfsburg,0,0.10756358131766319,0,0.0,2,0,1.855355310253799,1.855355310253799,Bundesliga,25/26
Jesper Lindstrom,Wolfsburg,0,0.9394969940185547,0,0.7942945100367069,9,4,1.9680058527737856,0.7649932485073805,Bundesliga,25/26
Joakim Maehle,Wolfsburg,1,0.6766485814005136,2,1.6462530652061105,14,14,5.031030514277518,3.4584580026566982,Bundesliga,25/26
Jonas Adjetey,Wolfsburg,0,0.08738634176552296,0,0.0,3,0,0.20915670320391655,0.17573834210634232,Bundesliga,25/26
Jonas Wind,Wolfsburg,1,1.382240418344736,0,0.2623850591480732,9,5,2.308900620788336,1.0269743390381336,Bundesliga,25/26
Kamil Grabara,Wolfsburg,0,0.03640927001833916,0,0.04049020633101463,1,3,4.599022266454995,4.5585320591926575,Bundesliga,25/26
Kento Shiogai,Wolfsburg,1,1.8814079575240612,0,0.5708257630467415,9,2,2.8516479656100273,0.4630212336778641,Bundesliga,25/26
Kevin Paredes,Wolfsburg,0,0.06398154236376286,0,0.04308099299669266,2,1,0.6420955136418343,0.535032982006669,Bundesliga,25/26
Kilian Fischer,Wolfsburg,0,0.08712375164031982,0,0.4677412435412407,2,3,1.9711496345698833,1.804927940480411,Bundesliga,25/26
Konstantinos Koulierakis,Wolfsburg,4,3.5553980004042387,1,1.7689252914860845,26,14,7.746201686561108,6.606250849552453,Bundesliga,25/26
Lovro Majer,Wolfsburg,2,3.5951214293017983,3,2.9318193439394236,27,21,8.230100117623806,2.8397826477885246,Bundesliga,25/26
Mattias Svanberg,Wolfsburg,3,3.0017038471996784,1,0.8542640991508961,21,6,4.753424547612667,2.098399179056287,Bundesliga,25/26
Maximilian Arnold,Wolfsburg,1,0.36739245522767305,4,4.247929247096181,13,29,5.136144082993269,4.320300527848303,Bundesliga,25/26
Mohammed Amoura,Wolfsburg,8,9.956500393338501,3,3.972602378576994,60,24,14.962777476757765,4.446937231346965,Bundesliga,25/26
Moritz Jenz,Wolfsburg,1,0.6638292074203491,0,0.06816104240715504,5,2,3.456455777399242,3.388294734992087,Bundesliga,25/26
Patrick Wimmer,Wolfsburg,4,3.6373985055834055,3,2.249568970873952,24,16,8.324480776675045,3.4726307252421975,Bundesliga,25/26
Pharell Hensel,Wolfsburg,0,0.018602386116981506,0,0.0,1,0,0.018602386116981506,0.0,Bundesliga,25/26
Sael Kumbedi,Wolfsburg,0,0.46463706623762846,5,3.120423424988985,5,18,6.11135661881417,4.07589796371758,Bundesliga,25/26
Vinicius Souza,Wolfsburg,0,0.7309565888717771,0,0.7795633533969522,9,8,5.024353690445423,4.415433967486024,Bundesliga,25/26
Václav Cerny,Wolfsburg,0,0.07103131711483002,0,0.0,1,0,0.09345263987779617,0.022421324625611305,Bundesliga,25/26
Yannick Gerhardt,Wolfsburg,1,1.152172677218914,0,0.9047546237707138,11,8,2.5076904222369194,1.1791252885013819,Bundesliga,25/26
