league_id,season_id,game_id,date,home_team_id,away_team_id,home_team,away_team,away_team_code,home_team_code,home_points,home_expected_points,home_goals,home_xg,home_np_xg,home_np_xg_difference,home_ppda,home_deep_completions,away_points,away_expected_points,away_goals,away_xg,away_np_xg,away_np_xg_difference,away_ppda,away_deep_completions,league,season
3,2025,30224,2025-08-22 18:30:00,117,136,Bayern Munich,RasenBallsport Leipzig,RBL,BAY,3,2.8446000000000002,6,3.29885,3.29885,2.7765899999999997,8.793103448275861,13,0,0.1038,0,0.52226,0.52226,-2.7765899999999997,17.857142857142858,6,Bundesliga,25/26
3,2025,30226,2025-08-23 13:30:00,119,120,Bayer Leverkusen,Hoffenheim,HOF,LEV,0,1.8981999999999999,1,1.05253,1.05253,0.547337,15.133333333333333,3,3,0.7795000000000001,2,0.505193,0.505193,-0.547337,15.782608695652174,6,Bundesliga,25/26
3,2025,30228,2025-08-23 13:30:00,132,123,Eintracht Frankfurt,Werder Bremen,WER,EIN,3,2.8483,4,3.10684,3.10684,2.519018,8.8,8,0,0.094,1,0.587822,0.587822,-2.519018,18.0,8,Bundesliga,25/26
3,2025,30225,2025-08-23 13:30:00,280,131,FC Heidenheim,Wolfsburg,WOL,HEI,0,0.2248,1,0.783156,0.783156,-1.036244,17.142857142857142,0,3,2.656,3,2.57718,1.8194,1.036244,11.65,5,Bundesliga,25/26
3,2025,30229,2025-08-23 13:30:00,135,121,Freiburg,Augsburg,AUG,FRE,0,2.0804,1,2.27247,1.51477,0.21286000000000005,7.105263157894737,6,3,0.7063999999999999,3,1.30191,1.30191,-0.21286000000000005,8.181818181818182,3,Bundesliga,25/26
3,2025,30230,2025-08-23 16:30:00,288,129,St. Pauli,Borussia Dortmund,DOR,SPA,1,0.8520000000000001,3,1.46772,0.709939,-0.6351810000000001,15.043478260869565,8,1,1.8885,3,2.10289,1.34512,0.6351810000000001,13.38888888888889,5,Bundesliga,25/26
3,2025,30227,2025-08-23 13:30:00,240,133,Union Berlin,VfB Stuttgart,STU,UNI,3,0.46920000000000006,2,0.529421,0.529421,-1.272049,18.19047619047619,1,0,2.325,1,1.80147,1.80147,1.272049,3.789473684210526,10,Bundesliga,25/26
3,2025,30232,2025-08-24 15:30:00,130,118,Borussia M.Gladbach,Hamburger SV,HAM,BMG,1,2.0181,0,1.01717,1.01717,0.7315769999999999,9.0,6,1,0.6288,0,0.285593,0.285593,-0.7315769999999999,16.68421052631579,4,Bundesliga,25/26
3,2025,30231,2025-08-24 13:30:00,125,134,Mainz 05,FC Cologne,COL,MAI,0,1.0928,0,1.31655,1.31655,-0.3302099999999999,13.133333333333333,12,3,1.6486999999999998,1,1.64676,1.64676,0.3302099999999999,10.764705882352942,7,Bundesliga,25/26
3,2025,30233,2025-08-29 18:30:00,118,288,Hamburger SV,St. Pauli,SPA,HAM,0,0.5217,0,0.74111,0.74111,-1.11293,17.0625,4,3,2.2539000000000002,2,1.85404,1.85404,1.11293,10.285714285714286,5,Bundesliga,25/26
3,2025,30238,2025-08-30 16:30:00,121,117,Augsburg,Bayern Munich,BAY,AUG,0,0.0964,2,0.506028,0.506028,-2.869202,11.083333333333334,5,3,2.8495,3,3.37523,3.37523,2.869202,7.451612903225806,16,Bundesliga,25/26
3,2025,30234,2025-08-30 13:30:00,120,132,Hoffenheim,Eintracht Frankfurt,EIN,HOF,0,0.9006000000000001,1,1.28178,1.28178,-0.5390900000000001,6.482758620689655,5,3,1.8405,3,1.82087,1.82087,0.5390900000000001,19.357142857142858,5,Bundesliga,25/26
3,2025,30235,2025-08-30 13:30:00,136,280,RasenBallsport Leipzig,FC Heidenheim,HEI,RBL,3,2.7007000000000003,2,3.29717,3.29717,2.327188,6.333333333333333,10,0,0.2071,0,0.969982,0.969982,-2.327188,18.176470588235293,4,Bundesliga,25/26
3,2025,30237,2025-08-30 13:30:00,133,130,VfB Stuttgart,Borussia M.Gladbach,BMG,STU,3,0.8582000000000001,1,0.925105,0.925105,-0.682065,15.9375,5,0,1.8910999999999998,0,1.60717,1.60717,0.682065,12.869565217391305,8,Bundesliga,25/26
3,2025,30236,2025-08-30 13:30:00,123,119,Werder Bremen,Bayer Leverkusen,LEV,WER,1,1.5889000000000002,3,2.32676,1.56899,0.28944000000000014,18.55,10,1,1.1542,3,2.03733,1.27955,-0.28944000000000014,16.41176470588235,7,Bundesliga,25/26
3,2025,30240,2025-08-31 15:30:00,129,240,Borussia Dortmund,Union Berlin,UNI,DOR,3,2.0443,3,1.82606,1.82606,0.854893,14.933333333333334,12,0,0.7141000000000001,0,0.971167,0.971167,-0.854893,28.866666666666667,2,Bundesliga,25/26
3,2025,30241,2025-08-31 17:30:00,134,135,FC Cologne,Freiburg,FRE,COL,3,2.0581,4,1.84068,1.84068,0.9076080000000001,24.142857142857142,8,0,0.7156,1,0.933072,0.933072,-0.9076080000000001,15.846153846153847,7,Bundesliga,25/26
3,2025,30239,2025-08-31 13:30:00,131,125,Wolfsburg,Mainz 05,MAI,WOL,1,0.43989999999999996,1,0.616661,0.616661,-0.44037899999999996,15.0,1,1,2.3599,1,1.81482,1.05704,0.44037899999999996,4.594594594594595,13,Bundesliga,25/26
3,2025,30242,2025-09-12 18:30:00,119,132,Bayer Leverkusen,Eintracht Frankfurt,EIN,LEV,3,2.4535,3,2.31465,1.55687,0.765007,10.565217391304348,3,0,0.3799,1,0.791863,0.791863,-0.765007,9.88888888888889,2,Bundesliga,25/26
3,2025,30248,2025-09-13 16:30:00,117,118,Bayern Munich,Hamburger SV,HAM,BAY,3,2.7799,5,3.03718,2.2794,1.7202259999999998,9.666666666666666,25,0,0.1444,0,0.559174,0.559174,-1.7202259999999998,33.6,3,Bundesliga,25/26
3,2025,30244,2025-09-13 13:30:00,280,129,FC Heidenheim,Borussia Dortmund,DOR,HEI,0,0.0942,0,0.299026,0.299026,-2.550964,23.615384615384617,1,3,2.8449000000000004,2,2.84999,2.84999,2.550964,8.0,28,Bundesliga,25/26
3,2025,30243,2025-09-13 13:30:00,135,133,Freiburg,VfB Stuttgart,STU,FRE,3,2.3351,3,1.6832,0.925425,0.3766210000000001,16.0625,7,0,0.45589999999999997,1,0.548804,0.548804,-0.3766210000000001,11.5625,4,Bundesliga,25/26
3,2025,30245,2025-09-13 13:30:00,125,136,Mainz 05,RasenBallsport Leipzig,RBL,MAI,0,0.7684,0,0.770276,0.770276,-0.7306239999999999,5.636363636363637,15,3,1.9684,1,1.5009,1.5009,0.7306239999999999,11.944444444444445,6,Bundesliga,25/26
3,2025,30247,2025-09-13 13:30:00,240,120,Union Berlin,Hoffenheim,HOF,UNI,0,1.1766,2,3.0814,3.0814,1.2561099999999998,12.523809523809524,6,3,1.5884999999999998,4,3.34084,1.82529,-1.2561099999999998,6.555555555555555,6,Bundesliga,25/26
3,2025,30246,2025-09-13 13:30:00,131,134,Wolfsburg,FC Cologne,COL,WOL,1,1.3908,3,1.79835,1.79835,0.07203999999999988,11.375,3,1,1.3296,3,1.72631,1.72631,-0.07203999999999988,14.444444444444445,5,Bundesliga,25/26
3,2025,30250,2025-09-14 15:30:00,130,123,Borussia M.Gladbach,Werder Bremen,WER,BMG,0,0.9088,0,1.58932,1.58932,0.10038999999999998,8.0,16,3,1.8609999999999998,4,2.24671,1.48893,-0.10038999999999998,17.9375,7,Bundesliga,25/26
3,2025,30249,2025-09-14 13:30:00,288,121,St. Pauli,Augsburg,AUG,SPA,3,2.2773000000000003,2,1.95499,1.0413,0.10707699999999987,11.16,13,0,0.4989,1,0.934223,0.934223,-0.10707699999999987,17.176470588235293,7,Bundesliga,25/26
3,2025,30251,2025-09-19 18:30:00,133,288,VfB Stuttgart,St. Pauli,SPA,STU,3,2.5173000000000005,2,2.78829,2.03051,0.97394,11.863636363636363,9,0,0.34140000000000004,0,1.05657,1.05657,-0.97394,13.916666666666666,4,Bundesliga,25/26
3,2025,30253,2025-09-20 13:30:00,121,125,Augsburg,Mainz 05,MAI,AUG,0,0.36150000000000004,1,0.870451,0.870451,-1.7000189999999997,4.133333333333334,6,3,2.4926999999999997,4,2.57047,2.57047,1.7000189999999997,14.933333333333334,9,Bundesliga,25/26
3,2025,30254,2025-09-20 13:30:00,118,280,Hamburger SV,FC Heidenheim,HEI,HAM,3,1.8149,2,3.32157,3.32157,0.6854999999999998,11.842105263157896,5,0,0.9983000000000001,1,2.63607,2.63607,-0.6854999999999998,16.733333333333334,13,Bundesliga,25/26
3,2025,30255,2025-09-20 13:30:00,120,117,Hoffenheim,Bayern Munich,BAY,HOF,0,0.35169999999999996,1,1.03716,1.03716,-0.1614899999999999,12.962962962962964,6,3,2.5111,4,2.7142,1.19865,0.1614899999999999,11.352941176470589,2,Bundesliga,25/26
3,2025,30256,2025-09-20 16:30:00,136,134,RasenBallsport Leipzig,FC Cologne,COL,RBL,3,2.7671,3,3.79591,3.79591,2.40327,21.384615384615383,11,0,0.15889999999999999,1,1.39264,1.39264,-2.40327,22.916666666666668,9,Bundesliga,25/26
3,2025,30252,2025-09-20 13:30:00,123,135,Werder Bremen,Freiburg,FRE,WER,0,0.5402,0,1.27257,0.514791,-1.090579,8.037037037037036,5,3,2.2523,3,2.36315,1.60537,1.090579,16.55,7,Bundesliga,25/26
3,2025,30258,2025-09-21 15:30:00,119,130,Bayer Leverkusen,Borussia M.Gladbach,BMG,LEV,1,1.8709,1,1.9461,1.9461,0.64734,11.217391304347826,9,1,0.8845,1,1.29876,1.29876,-0.64734,14.62962962962963,8,Bundesliga,25/26
3,2025,30259,2025-09-21 17:30:00,129,131,Borussia Dortmund,Wolfsburg,WOL,DOR,3,1.5438,1,1.24747,1.24747,0.27201300000000006,13.578947368421053,11,0,1.1157000000000001,0,0.975457,0.975457,-0.27201300000000006,15.0,2,Bundesliga,25/26
3,2025,30257,2025-09-21 13:30:00,132,240,Eintracht Frankfurt,Union Berlin,UNI,EIN,0,1.0318,3,1.75582,0.998044,-1.2361459999999997,5.3125,15,3,1.7328999999999999,4,2.23419,2.23419,1.2361459999999997,27.571428571428573,5,Bundesliga,25/26
3,2025,30260,2025-09-26 18:30:00,117,123,Bayern Munich,Werder Bremen,WER,BAY,3,2.9772999999999996,4,4.31859,3.56081,3.262192,8.4375,11,0,0.0133,0,0.298618,0.298618,-3.262192,39.888888888888886,4,Bundesliga,25/26
3,2025,30265,2025-09-27 16:30:00,130,132,Borussia M.Gladbach,Eintracht Frankfurt,EIN,BMG,0,0.49770000000000003,4,2.12935,2.12935,-1.65944,19.555555555555557,6,3,2.3541,6,3.78879,3.78879,1.65944,11.0,11,Bundesliga,25/26
3,2025,30261,2025-09-27 13:30:00,280,121,FC Heidenheim,Augsburg,AUG,HEI,3,2.2958,2,1.79097,1.79097,1.1711369999999999,9.407407407407407,8,0,0.4907,1,0.619833,0.619833,-1.1711369999999999,7.916666666666667,5,Bundesliga,25/26
3,2025,30262,2025-09-27 13:30:00,125,129,Mainz 05,Borussia Dortmund,DOR,MAI,0,0.3764,0,0.525149,0.525149,-1.230041,8.12,1,3,2.426,2,1.75519,1.75519,1.230041,8.789473684210526,8,Bundesliga,25/26
3,2025,30263,2025-09-27 13:30:00,288,119,St. Pauli,Bayer Leverkusen,LEV,SPA,0,0.9031,1,0.813325,0.813325,-0.4757950000000001,10.96774193548387,4,3,1.8043,2,1.28912,1.28912,0.4757950000000001,19.0,3,Bundesliga,25/26
3,2025,30264,2025-09-27 13:30:00,131,136,Wolfsburg,RasenBallsport Leipzig,RBL,WOL,0,1.4057,0,2.59654,2.59654,0.74325,14.411764705882353,9,3,1.3868,1,2.61107,1.85329,-0.74325,12.583333333333334,13,Bundesliga,25/26
3,2025,30267,2025-09-28 15:30:00,134,133,FC Cologne,VfB Stuttgart,STU,COL,0,0.5898,1,1.07972,1.07972,-0.37189000000000005,20.142857142857142,8,3,2.2068,2,2.20939,1.45161,0.37189000000000005,10.80952380952381,11,Bundesliga,25/26
3,2025,30266,2025-09-28 13:30:00,135,120,Freiburg,Hoffenheim,HOF,FRE,1,0.5484,1,1.2587,1.2587,-0.9835399999999999,16.133333333333333,0,1,2.202,1,2.24224,2.24224,0.9835399999999999,6.416666666666667,3,Bundesliga,25/26
3,2025,30268,2025-09-28 17:30:00,240,118,Union Berlin,Hamburger SV,HAM,UNI,1,1.7458,0,1.54274,0.784964,-0.32777600000000007,17.95,2,1,0.973,0,1.11274,1.11274,0.32777600000000007,9.5,11,Bundesliga,25/26
3,2025,30274,2025-10-03 18:30:00,120,134,Hoffenheim,FC Cologne,COL,HOF,0,1.4142000000000001,0,1.42371,1.42371,0.11498000000000008,7.173913043478261,5,3,1.2927,1,1.30873,1.30873,-0.11498000000000008,19.923076923076923,3,Bundesliga,25/26
3,2025,30276,2025-10-04 13:30:00,121,131,Augsburg,Wolfsburg,WOL,AUG,3,1.7671,3,1.75326,1.75326,0.52742,12.6,3,0,0.9862000000000001,1,1.22584,1.22584,-0.52742,12.133333333333333,9,Bundesliga,25/26
3,2025,30269,2025-10-04 13:30:00,119,240,Bayer Leverkusen,Union Berlin,UNI,LEV,3,2.6786,2,3.35673,3.35673,2.1598900000000003,6.363636363636363,7,0,0.22549999999999998,0,1.19684,1.19684,-2.1598900000000003,25.095238095238095,4,Bundesliga,25/26
3,2025,30271,2025-10-04 13:30:00,129,136,Borussia Dortmund,RasenBallsport Leipzig,RBL,DOR,1,0.9081,1,0.668613,0.668613,-0.47215700000000005,12.37037037037037,9,1,1.7703000000000002,1,1.14077,1.14077,0.47215700000000005,12.478260869565217,9,Bundesliga,25/26
3,2025,30272,2025-10-04 16:30:00,132,117,Eintracht Frankfurt,Bayern Munich,BAY,EIN,0,0.27680000000000005,0,0.560138,0.560138,-1.6699620000000002,19.045454545454547,3,3,2.5829,3,2.2301,2.2301,1.6699620000000002,14.65,7,Bundesliga,25/26
3,2025,30277,2025-10-04 13:30:00,123,288,Werder Bremen,St. Pauli,SPA,WER,3,2.0473999999999997,1,1.77957,1.77957,0.867145,15.409090909090908,7,0,0.7151000000000001,0,0.912425,0.912425,-0.867145,12.347826086956522,8,Bundesliga,25/26
3,2025,30270,2025-10-05 17:30:00,130,135,Borussia M.Gladbach,Freiburg,FRE,BMG,1,1.0842,0,0.471184,0.471184,-0.21788900000000005,15.647058823529411,6,1,1.4907000000000001,0,0.689073,0.689073,0.21788900000000005,15.263157894736842,3,Bundesliga,25/26
3,2025,30273,2025-10-05 15:30:00,118,125,Hamburger SV,Mainz 05,MAI,HAM,3,2.2081999999999997,4,1.65883,1.65883,1.067669,14.428571428571429,3,0,0.5642,0,0.591161,0.591161,-1.067669,6.28,7,Bundesliga,25/26
3,2025,30275,2025-10-05 13:30:00,133,280,VfB Stuttgart,FC Heidenheim,HEI,STU,3,2.0792,1,1.10781,1.10781,0.8168679999999999,9.0,4,0,0.5984,0,0.290942,0.290942,-0.8168679999999999,17.88888888888889,2,Bundesliga,25/26
3,2025,30285,2025-10-17 18:30:00,240,130,Union Berlin,Borussia M.Gladbach,BMG,UNI,3,2.0791999999999997,3,1.53032,1.53032,0.9014719999999999,10.821428571428571,8,0,0.6718999999999999,1,0.628848,0.628848,-0.9014719999999999,6.764705882352941,9,Bundesliga,25/26
3,2025,30278,2025-10-18 16:30:00,117,129,Bayern Munich,Borussia Dortmund,DOR,BAY,3,2.3808,2,2.81994,2.81994,1.40983,8.380952380952381,8,0,0.43889999999999996,1,1.41011,1.41011,-1.40983,12.666666666666666,5,Bundesliga,25/26
3,2025,30279,2025-10-18 13:30:00,134,121,FC Cologne,Augsburg,AUG,COL,1,0.6807,1,0.523854,0.523854,0.16246500000000003,7.714285714285714,2,1,2.0157,1,1.11917,0.361389,-0.16246500000000003,9.346153846153847,2,Bundesliga,25/26
3,2025,30281,2025-10-18 13:30:00,280,123,FC Heidenheim,Werder Bremen,WER,HEI,1,2.1434,2,3.07635,3.07635,1.2199700000000002,9.142857142857142,13,1,0.6716,2,1.85638,1.85638,-1.2199700000000002,21.333333333333332,7,Bundesliga,25/26
3,2025,30282,2025-10-18 13:30:00,125,119,Mainz 05,Bayer Leverkusen,LEV,MAI,0,0.1667,3,1.62978,0.872003,-2.804847,10.870967741935484,10,3,2.7680000000000002,4,4.43462,3.67685,2.804847,10.823529411764707,15,Bundesliga,25/26
3,2025,30283,2025-10-18 13:30:00,136,118,RasenBallsport Leipzig,Hamburger SV,HAM,RBL,3,1.2510000000000001,2,1.15611,1.15611,-0.13744,21.466666666666665,5,0,1.4493,1,1.29355,1.29355,0.13744,13.181818181818182,7,Bundesliga,25/26
3,2025,30286,2025-10-18 13:30:00,131,133,Wolfsburg,VfB Stuttgart,STU,WOL,0,0.1993,0,0.392885,0.392885,-2.001855,16.5,5,3,2.6953,3,2.39474,2.39474,2.001855,14.5,11,Bundesliga,25/26
3,2025,30280,2025-10-19 13:30:00,135,132,Freiburg,Eintracht Frankfurt,EIN,FRE,1,1.6557,2,1.12896,1.12896,0.3563219999999999,13.944444444444445,7,1,1.0356,2,0.772638,0.772638,-0.3563219999999999,7.108108108108108,4,Bundesliga,25/26
3,2025,30284,2025-10-19 15:30:00,288,120,St. Pauli,Hoffenheim,HOF,SPA,0,0.6527,0,0.871968,0.871968,-0.9190619999999999,14.285714285714286,6,3,2.0873,3,1.79103,1.79103,0.9190619999999999,9.045454545454545,8,Bundesliga,25/26
3,2025,30295,2025-10-24 18:30:00,123,240,Werder Bremen,Union Berlin,UNI,WER,3,1.9567999999999999,1,1.1444,1.1444,0.656787,14.384615384615385,2,0,0.7382,0,0.487613,0.487613,-0.656787,14.478260869565217,4,Bundesliga,25/26
3,2025,30287,2025-10-25 13:30:00,121,136,Augsburg,RasenBallsport Leipzig,RBL,AUG,0,0.2425,0,0.639182,0.639182,-2.0551980000000003,15.8,3,3,2.6515,6,2.69438,2.69438,2.0551980000000003,18.3125,9,Bundesliga,25/26
3,2025,30290,2025-10-25 16:30:00,129,134,Borussia Dortmund,FC Cologne,COL,DOR,3,2.3486000000000002,1,2.09125,2.09125,1.38562,8.3,17,0,0.45709999999999995,0,0.70563,0.70563,-1.38562,35.666666666666664,1,Bundesliga,25/26
3,2025,30289,2025-10-25 13:30:00,130,117,Borussia M.Gladbach,Bayern Munich,BAY,BMG,0,0.2279,0,0.757777,0.0,-2.65026,28.3,1,3,2.6369,3,2.65026,2.65026,2.65026,6.785714285714286,23,Bundesliga,25/26
3,2025,30291,2025-10-25 13:30:00,132,288,Eintracht Frankfurt,St. Pauli,SPA,EIN,3,2.7251000000000003,2,2.42632,2.42632,1.906347,17.125,9,0,0.1751,0,0.519973,0.519973,-1.906347,26.2,4,Bundesliga,25/26
3,2025,30292,2025-10-25 13:30:00,118,131,Hamburger SV,Wolfsburg,WOL,HAM,0,2.6124,0,2.40547,1.57532,0.879792,10.61111111111111,8,3,0.2454,1,0.695528,0.695528,-0.879792,13.0,5,Bundesliga,25/26
3,2025,30293,2025-10-25 13:30:00,120,280,Hoffenheim,FC Heidenheim,HEI,HOF,3,2.4494000000000002,3,2.4278,2.4278,1.525485,6.714285714285714,8,0,0.39590000000000003,1,0.902315,0.902315,-1.525485,17.526315789473685,4,Bundesliga,25/26
3,2025,30288,2025-10-26 13:30:00,119,135,Bayer Leverkusen,Freiburg,FRE,LEV,3,2.6694000000000004,2,2.46787,2.46787,1.924973,10.777777777777779,7,0,0.2217,0,0.542897,0.542897,-1.924973,28.6,4,Bundesliga,25/26
3,2025,30294,2025-10-26 15:30:00,133,125,VfB Stuttgart,Mainz 05,MAI,STU,3,1.5463999999999998,2,1.66805,1.66805,1.0162689999999999,10.5,5,0,1.1705,1,1.40956,0.651781,-1.0162689999999999,13.222222222222221,4,Bundesliga,25/26
3,2025,30296,2025-10-31 19:30:00,121,129,Augsburg,Borussia Dortmund,DOR,AUG,0,1.7331,0,0.969501,0.969501,0.3813049999999999,8.655172413793103,3,3,0.9021,1,0.588196,0.588196,-0.3813049999999999,9.652173913043478,6,Bundesliga,25/26
3,2025,30297,2025-11-01 17:30:00,117,119,Bayern Munich,Bayer Leverkusen,LEV,BAY,3,2.6761,3,2.28295,2.28295,1.900176,9.53125,11,0,0.211,0,0.382774,0.382774,-1.900176,28.7,5,Bundesliga,25/26
3,2025,30299,2025-11-01 14:30:00,280,132,FC Heidenheim,Eintracht Frankfurt,EIN,HEI,1,1.0316,1,0.831882,0.831882,-0.3921779999999999,21.0,2,1,1.6469,1,1.22406,1.22406,0.3921779999999999,7.052631578947368,12,Bundesliga,25/26
3,2025,30300,2025-11-01 14:30:00,125,123,Mainz 05,Werder Bremen,WER,MAI,1,2.1866,1,1.90161,1.90161,1.021105,7.90625,7,1,0.5960000000000001,1,0.880505,0.880505,-1.021105,10.9375,9,Bundesliga,25/26
3,2025,30301,2025-11-01 14:30:00,136,133,RasenBallsport Leipzig,VfB Stuttgart,STU,RBL,3,1.8718000000000001,3,1.73471,1.73471,0.6646099999999999,31.8,9,0,0.8821,1,1.0701,1.0701,-0.6646099999999999,8.88888888888889,10,Bundesliga,25/26
3,2025,30302,2025-11-01 14:30:00,288,130,St. Pauli,Borussia M.Gladbach,BMG,SPA,0,0.1048,0,0.804394,0.804394,-2.8218059999999996,15.863636363636363,6,3,2.8438,4,3.6262,3.6262,2.8218059999999996,23.142857142857142,6,Bundesliga,25/26
3,2025,30303,2025-11-01 14:30:00,240,135,Union Berlin,Freiburg,FRE,UNI,1,1.5017,0,1.34842,1.34842,0.18323,10.62962962962963,4,1,1.2083,0,1.16519,1.16519,-0.18323,9.153846153846153,4,Bundesliga,25/26
3,2025,30298,2025-11-02 14:30:00,134,118,FC Cologne,Hamburger SV,HAM,COL,3,2.7673,4,3.87376,3.87376,2.6807999999999996,14.473684210526315,10,0,0.16449999999999998,1,1.19296,1.19296,-2.6807999999999996,15.933333333333334,4,Bundesliga,25/26
3,2025,30304,2025-11-02 16:30:00,131,120,Wolfsburg,Hoffenheim,HOF,WOL,0,1.1058999999999999,2,1.40117,1.40117,-0.34173999999999993,14.0,2,3,1.6327,3,1.74291,1.74291,0.34173999999999993,8.92,6,Bundesliga,25/26
3,2025,30313,2025-11-07 19:30:00,123,131,Werder Bremen,Wolfsburg,WOL,WER,3,2.1487000000000003,2,1.69456,1.69456,1.018234,10.85,8,0,0.6103000000000001,1,0.676326,0.676326,-1.018234,15.625,5,Bundesliga,25/26
3,2025,30305,2025-11-08 14:30:00,119,280,Bayer Leverkusen,FC Heidenheim,HEI,LEV,3,2.9938,6,3.90142,3.90142,3.838043,15.133333333333333,10,0,0.0031,0,0.063377,0.063377,-3.838043,41.5,1,Bundesliga,25/26
3,2025,30306,2025-11-08 17:30:00,130,134,Borussia M.Gladbach,FC Cologne,COL,BMG,3,1.6148,3,2.46206,0.946505,-0.45389500000000005,25.785714285714285,11,0,1.1297,1,2.15818,1.4004,0.45389500000000005,9.818181818181818,9,Bundesliga,25/26
3,2025,30309,2025-11-08 14:30:00,118,129,Hamburger SV,Borussia Dortmund,DOR,HAM,1,0.5278,1,0.419878,0.419878,-1.0059420000000001,14.722222222222221,3,1,2.2237,1,1.42582,1.42582,1.0059420000000001,8.448275862068966,9,Bundesliga,25/26
3,2025,30310,2025-11-08 14:30:00,120,136,Hoffenheim,RasenBallsport Leipzig,RBL,HOF,3,1.6347,3,1.92349,1.92349,0.36161999999999983,8.151515151515152,5,0,1.101,1,1.56187,1.56187,-0.36161999999999983,11.571428571428571,8,Bundesliga,25/26
3,2025,30312,2025-11-08 14:30:00,240,117,Union Berlin,Bayern Munich,BAY,UNI,1,1.1133,2,1.02778,1.02778,-0.31468000000000007,23.526315789473685,6,1,1.5860999999999998,2,1.34246,1.34246,0.31468000000000007,13.333333333333334,11,Bundesliga,25/26
3,2025,30307,2025-11-09 18:30:00,132,125,Eintracht Frankfurt,Mainz 05,MAI,EIN,3,2.669,1,1.77854,1.77854,1.657071,10.857142857142858,5,0,0.1895,0,0.121469,0.121469,-1.657071,9.571428571428571,3,Bundesliga,25/26
3,2025,30308,2025-11-09 14:30:00,135,288,Freiburg,St. Pauli,SPA,FRE,3,2.2542,2,1.66558,1.66558,1.024832,12.411764705882353,5,0,0.5124,1,0.640748,0.640748,-1.024832,20.210526315789473,3,Bundesliga,25/26
3,2025,30311,2025-11-09 16:30:00,133,121,VfB Stuttgart,Augsburg,AUG,STU,3,1.7720000000000002,3,2.44526,1.68748,-0.21597,6.72,12,0,0.9911,2,1.90345,1.90345,0.21597,13.375,1,Bundesliga,25/26
3,2025,30319,2025-11-21 19:30:00,125,120,Mainz 05,Hoffenheim,HOF,MAI,1,2.2832,1,2.88712,2.88712,1.3430799999999998,10.75,10,1,0.5543,1,1.54404,1.54404,-1.3430799999999998,9.210526315789474,18,Bundesliga,25/26
3,2025,30314,2025-11-22 14:30:00,121,118,Augsburg,Hamburger SV,HAM,AUG,3,1.4147,1,1.61897,1.61897,0.06397000000000008,13.26086956521739,7,0,1.2995,0,1.555,1.555,-0.06397000000000008,20.90909090909091,4,Bundesliga,25/26
3,2025,30315,2025-11-22 14:30:00,117,135,Bayern Munich,Freiburg,FRE,BAY,3,2.7987,6,3.13858,3.13858,2.621614,9.31578947368421,15,0,0.13470000000000001,2,0.516966,0.516966,-2.621614,14.0,2,Bundesliga,25/26
3,2025,30316,2025-11-22 14:30:00,129,133,Borussia Dortmund,VfB Stuttgart,STU,DOR,1,2.3177,3,3.15124,2.39346,0.5840400000000001,13.090909090909092,11,1,0.5123,3,1.80942,1.80942,-0.5840400000000001,10.590909090909092,6,Bundesliga,25/26
3,2025,30317,2025-11-22 17:30:00,134,132,FC Cologne,Eintracht Frankfurt,EIN,COL,0,0.6598,3,1.38923,1.38923,-1.0558299999999998,16.083333333333332,6,3,2.1349,4,2.44506,2.44506,1.0558299999999998,20.2,6,Bundesliga,25/26
3,2025,30318,2025-11-22 14:30:00,280,130,FC Heidenheim,Borussia M.Gladbach,BMG,HEI,0,0.0884,0,0.363207,0.363207,-1.6756829999999998,21.8,4,3,2.8589,3,2.79666,2.03889,1.6756829999999998,16.2,17,Bundesliga,25/26
3,2025,30322,2025-11-22 14:30:00,131,119,Wolfsburg,Bayer Leverkusen,LEV,WOL,0,1.7184000000000001,1,2.07979,2.07979,0.49334999999999996,14.78125,6,3,1.0338,3,1.58644,1.58644,-0.49334999999999996,14.125,10,Bundesliga,25/26
3,2025,30320,2025-11-23 14:30:00,136,123,RasenBallsport Leipzig,Werder Bremen,WER,RBL,3,2.5254000000000003,2,2.42834,2.42834,1.653468,22.0,15,0,0.33120000000000005,0,0.774872,0.774872,-1.653468,15.368421052631579,8,Bundesliga,25/26
3,2025,30321,2025-11-23 16:30:00,288,240,St. Pauli,Union Berlin,UNI,SPA,0,1.4537,0,0.568717,0.568717,0.17028600000000005,10.192307692307692,9,3,1.0745,1,0.398431,0.398431,-0.17028600000000005,18.6875,1,Bundesliga,25/26
3,2025,30325,2025-11-28 19:30:00,130,136,Borussia M.Gladbach,RasenBallsport Leipzig,RBL,BMG,1,0.7044,0,0.388883,0.388883,-0.703437,29.0,4,1,1.9668,0,1.09232,1.09232,0.703437,11.19047619047619,8,Bundesliga,25/26
3,2025,30323,2025-11-29 17:30:00,119,129,Bayer Leverkusen,Borussia Dortmund,DOR,LEV,0,1.2893,1,1.08287,1.08287,-0.0733299999999999,21.444444444444443,6,3,1.4054000000000002,2,1.1562,1.1562,0.0733299999999999,18.666666666666668,3,Bundesliga,25/26
3,2025,30324,2025-11-29 14:30:00,117,288,Bayern Munich,St. Pauli,SPA,BAY,3,2.5492,3,2.53942,2.53942,1.7986899999999997,9.8,15,0,0.3145,1,0.74073,0.74073,-1.7986899999999997,47.09090909090909,3,Bundesliga,25/26
3,2025,30329,2025-11-29 14:30:00,120,121,Hoffenheim,Augsburg,AUG,HOF,3,2.245,3,1.79612,1.79612,1.1406239999999999,6.896551724137931,11,0,0.5428,0,0.655496,0.655496,-1.1406239999999999,16.94736842105263,5,Bundesliga,25/26
3,2025,30330,2025-11-29 14:30:00,240,280,Union Berlin,FC Heidenheim,HEI,UNI,0,1.7388000000000001,1,0.942923,0.942923,0.420821,13.142857142857142,6,3,0.9129,2,0.522102,0.522102,-0.420821,9.210526315789474,5,Bundesliga,25/26
3,2025,30331,2025-11-29 14:30:00,123,134,Werder Bremen,FC Cologne,COL,WER,1,1.631,1,1.53668,1.53668,0.35187999999999997,19.625,7,1,1.0934000000000001,1,1.1848,1.1848,-0.35187999999999997,12.26086956521739,4,Bundesliga,25/26
3,2025,30326,2025-11-30 16:30:00,132,131,Eintracht Frankfurt,Wolfsburg,WOL,EIN,1,1.424,1,1.66051,0.902737,-0.7037129999999999,15.2,14,1,1.2986,1,1.60645,1.60645,0.7037129999999999,17.6,5,Bundesliga,25/26
3,2025,30327,2025-11-30 18:30:00,135,125,Freiburg,Mainz 05,MAI,FRE,3,2.9972,4,4.15677,4.15677,4.1067079,4.8076923076923075,16,0,0.0014,0,0.0500621,0.0500621,-4.1067079,23.473684210526315,3,Bundesliga,25/26
3,2025,30328,2025-11-30 14:30:00,118,133,Hamburger SV,VfB Stuttgart,STU,HAM,3,1.4315,2,1.21357,1.21357,0.10488999999999993,13.619047619047619,4,0,1.2557,1,1.10868,1.10868,-0.10488999999999993,5.615384615384615,5,Bundesliga,25/26
3,2025,30339,2025-12-05 19:30:00,125,130,Mainz 05,Borussia M.Gladbach,BMG,MAI,0,0.7655000000000001,0,1.09331,1.09331,-0.80966,8.5,10,3,1.9900999999999998,1,1.90297,1.90297,0.80966,19.375,5,Bundesliga,25/26
3,2025,30334,2025-12-06 14:30:00,121,119,Augsburg,Bayer Leverkusen,LEV,AUG,3,1.8827,2,2.14102,2.14102,0.7221300000000002,29.46153846153846,6,0,0.9011,0,1.41889,1.41889,-0.7221300000000002,10.368421052631579,13,Bundesliga,25/26
3,2025,30336,2025-12-06 14:30:00,134,288,FC Cologne,St. Pauli,SPA,COL,1,2.8178,1,1.90409,1.90409,1.760145,20.727272727272727,1,1,0.1052,1,0.143945,0.143945,-1.760145,33.083333333333336,2,Bundesliga,25/26
3,2025,30338,2025-12-06 14:30:00,280,135,FC Heidenheim,Freiburg,FRE,HEI,3,2.5745999999999998,2,2.66592,2.66592,1.865599,18.214285714285715,10,0,0.303,1,0.800321,0.800321,-1.865599,8.705882352941176,9,Bundesliga,25/26
3,2025,30340,2025-12-06 17:30:00,136,132,RasenBallsport Leipzig,Eintracht Frankfurt,EIN,RBL,3,2.95,6,3.64182,2.88405,2.410761,13.75,7,0,0.0298,0,0.473289,0.473289,-2.410761,7.914285714285715,7,Bundesliga,25/26
3,2025,30332,2025-12-06 14:30:00,133,117,VfB Stuttgart,Bayern Munich,BAY,STU,0,0.0548,0,0.729313,0.729313,-2.591577,24.333333333333332,6,3,2.9165,5,4.07867,3.32089,2.591577,12.947368421052632,13,Bundesliga,25/26
3,2025,30333,2025-12-06 14:30:00,131,240,Wolfsburg,Union Berlin,UNI,WOL,3,0.5437000000000001,3,0.929936,0.929936,-0.3316040000000001,13.882352941176471,2,0,2.2249,1,2.01932,1.26154,0.3316040000000001,12.61111111111111,11,Bundesliga,25/26
3,2025,30335,2025-12-07 16:30:00,129,120,Borussia Dortmund,Hoffenheim,HOF,DOR,3,1.0451,2,1.10147,1.10147,-0.32217000000000007,17.05263157894737,7,0,1.6403,0,1.42364,1.42364,0.32217000000000007,8.428571428571429,4,Bundesliga,25/26
3,2025,30337,2025-12-07 14:30:00,118,123,Hamburger SV,Werder Bremen,WER,HAM,3,1.6753,3,1.57713,1.57713,0.40364,10.904761904761905,8,0,1.0477,2,1.17349,1.17349,-0.40364,10.6,3,Bundesliga,25/26
3,2025,30348,2025-12-12 19:30:00,240,136,Union Berlin,RasenBallsport Leipzig,RBL,UNI,3,2.1982,3,1.4766,1.4766,0.980923,16.636363636363637,6,0,0.5551,1,0.495677,0.495677,-0.980923,8.555555555555555,0,Bundesliga,25/26
3,2025,30341,2025-12-13 17:30:00,119,134,Bayer Leverkusen,FC Cologne,COL,LEV,3,2.6169,2,2.295,2.295,1.858435,11.65,5,0,0.2469,0,0.436565,0.436565,-1.858435,24.90909090909091,4,Bundesliga,25/26
3,2025,30343,2025-12-13 14:30:00,130,131,Borussia M.Gladbach,Wolfsburg,WOL,BMG,0,0.1996,1,0.620418,0.620418,-2.1010020000000003,18.466666666666665,6,3,2.7025,3,2.72142,2.72142,2.1010020000000003,12.807692307692308,3,Bundesliga,25/26
3,2025,30344,2025-12-13 14:30:00,132,121,Eintracht Frankfurt,Augsburg,AUG,EIN,3,2.0864,1,1.52024,1.52024,0.864507,9.178571428571429,4,0,0.6605,0,0.655733,0.655733,-0.864507,26.545454545454547,8,Bundesliga,25/26
3,2025,30346,2025-12-13 14:30:00,120,118,Hoffenheim,Hamburger SV,HAM,HOF,3,2.1811,4,2.48806,2.48806,1.840621,6.5,13,0,0.6091,1,1.40522,0.647439,-1.840621,19.625,4,Bundesliga,25/26
3,2025,30347,2025-12-13 14:30:00,288,280,St. Pauli,FC Heidenheim,HEI,SPA,3,0.6748000000000001,2,1.00037,1.00037,-0.8940300000000001,58.4,8,0,2.0893,1,1.8944,1.8944,0.8940300000000001,8.294117647058824,14,Bundesliga,25/26
3,2025,30342,2025-12-14 16:30:00,117,125,Bayern Munich,Mainz 05,MAI,BAY,1,2.9560999999999997,2,4.67956,3.92179,3.1186190000000003,6.416666666666667,12,1,0.0269,2,0.803171,0.803171,-3.1186190000000003,44.45454545454545,2,Bundesliga,25/26
3,2025,30345,2025-12-14 14:30:00,135,129,Freiburg,Borussia Dortmund,DOR,FRE,1,1.0289000000000001,1,1.10621,1.10621,-0.36806000000000005,9.363636363636363,8,1,1.7021000000000002,1,1.47427,1.47427,0.36806000000000005,25.6,5,Bundesliga,25/26
3,2025,30349,2025-12-14 18:30:00,123,133,Werder Bremen,VfB Stuttgart,STU,WER,0,0.45249999999999996,0,0.607898,0.607898,-1.4441920000000001,14.095238095238095,8,3,2.3605,4,2.05209,2.05209,1.4441920000000001,6.862068965517241,13,Bundesliga,25/26
3,2025,30351,2025-12-19 19:30:00,129,130,Borussia Dortmund,Borussia M.Gladbach,BMG,DOR,3,2.5568,2,1.65394,1.65394,1.432703,10.423076923076923,13,0,0.2744,0,0.221237,0.221237,-1.432703,11.666666666666666,11,Bundesliga,25/26
3,2025,30350,2025-12-20 14:30:00,121,123,Augsburg,Werder Bremen,WER,AUG,1,1.8515000000000001,0,1.49411,1.49411,0.58725,21.636363636363637,4,1,0.8624,0,0.90686,0.90686,-0.58725,8.37037037037037,7,Bundesliga,25/26
3,2025,30352,2025-12-20 14:30:00,134,240,FC Cologne,Union Berlin,UNI,COL,0,0.6924999999999999,0,0.677102,0.677102,-0.796798,13.846153846153847,5,3,2.05,1,1.4739,1.4739,0.796798,33.18181818181818,3,Bundesliga,25/26
3,2025,30353,2025-12-20 14:30:00,118,132,Hamburger SV,Eintracht Frankfurt,EIN,HAM,1,1.3564000000000003,1,1.09769,1.09769,0.006320000000000103,13.565217391304348,5,1,1.294,1,1.09137,1.09137,-0.006320000000000103,9.833333333333334,8,Bundesliga,25/26
3,2025,30356,2025-12-20 17:30:00,136,119,RasenBallsport Leipzig,Bayer Leverkusen,LEV,RBL,0,0.8995,1,1.93929,1.93929,-0.76549,16.82608695652174,7,3,1.8913,3,2.70478,2.70478,0.76549,18.066666666666666,10,Bundesliga,25/26
3,2025,30357,2025-12-20 14:30:00,133,120,VfB Stuttgart,Hoffenheim,HOF,STU,1,2.5815,0,1.46116,1.46116,1.306985,8.652173913043478,1,1,0.24420000000000003,0,0.154175,0.154175,-1.306985,8.333333333333334,6,Bundesliga,25/26
3,2025,30358,2025-12-20 14:30:00,131,135,Wolfsburg,Freiburg,FRE,WOL,0,0.4559,3,1.30583,1.30583,-0.5960300000000001,11.210526315789474,7,3,2.3678,4,2.65964,1.90186,0.5960300000000001,19.733333333333334,7,Bundesliga,25/26
3,2025,30354,2025-12-21 16:30:00,280,117,FC Heidenheim,Bayern Munich,BAY,HEI,0,0.3459,0,1.48758,1.48758,-1.88037,44.3,6,3,2.52,4,3.36795,3.36795,1.88037,11.5,16,Bundesliga,25/26
3,2025,30355,2025-12-21 14:30:00,125,288,Mainz 05,St. Pauli,SPA,MAI,1,2.6563999999999997,0,1.87368,1.87368,1.646431,15.384615384615385,4,1,0.2102,0,0.227249,0.227249,-1.646431,17.53846153846154,3,Bundesliga,25/26
3,2025,30362,2026-01-09 19:30:00,132,129,Eintracht Frankfurt,Borussia Dortmund,DOR,EIN,1,0.9414,3,1.66426,0.906488,-1.391782,12.636363636363637,6,1,1.8263999999999998,3,2.29827,2.29827,1.391782,11.941176470588236,9,Bundesliga,25/26
3,2025,30359,2026-01-10 17:30:00,119,133,Bayer Leverkusen,VfB Stuttgart,STU,LEV,0,0.8753000000000001,1,1.98318,1.22541,-0.7050299999999998,15.428571428571429,9,3,1.9061,4,2.68822,1.93044,0.7050299999999998,12.592592592592593,7,Bundesliga,25/26
3,2025,30364,2026-01-10 14:30:00,280,134,FC Heidenheim,FC Cologne,COL,HEI,1,0.9954999999999999,2,2.14635,2.14635,-0.60989,12.9375,2,1,1.7866000000000002,2,2.75624,2.75624,0.60989,36.125,7,Bundesliga,25/26
3,2025,30363,2026-01-10 14:30:00,135,118,Freiburg,Hamburger SV,HAM,FRE,3,2.7062,2,2.93517,2.1774,1.326588,9.272727272727273,6,0,0.2006,1,0.850812,0.850812,-1.326588,29.555555555555557,2,Bundesliga,25/26
3,2025,30366,2026-01-10 14:30:00,240,125,Union Berlin,Mainz 05,MAI,UNI,1,2.6060999999999996,2,3.6505,3.6505,2.08558,9.789473684210526,8,1,0.2811,2,1.56492,1.56492,-2.08558,15.6875,6,Bundesliga,25/26
3,2025,30360,2026-01-11 16:30:00,117,131,Bayern Munich,Wolfsburg,WOL,BAY,3,2.7442,8,3.54931,3.54931,2.46416,11.11111111111111,11,0,0.1762,1,1.08515,1.08515,-2.46416,18.565217391304348,3,Bundesliga,25/26
3,2025,30361,2026-01-11 14:30:00,130,121,Borussia M.Gladbach,Augsburg,AUG,BMG,3,2.6052999999999997,4,3.57201,2.81424,1.2392199999999998,11.416666666666666,12,0,0.2815,0,1.57502,1.57502,-1.2392199999999998,10.472222222222221,4,Bundesliga,25/26
3,2025,30369,2026-01-13 19:30:00,129,123,Borussia Dortmund,Werder Bremen,WER,DOR,3,2.6883,3,2.31769,2.31769,1.9182099999999997,12.633333333333333,9,0,0.19619999999999999,0,0.39948,0.39948,-1.9182099999999997,15.277777777777779,1,Bundesliga,25/26
3,2025,30373,2026-01-13 19:30:00,125,280,Mainz 05,FC Heidenheim,HEI,MAI,3,1.9043,2,1.95686,1.95686,0.72129,13.285714285714286,11,0,0.8483,1,1.23557,1.23557,-0.72129,8.8,5,Bundesliga,25/26
3,2025,30375,2026-01-13 17:30:00,133,132,VfB Stuttgart,Eintracht Frankfurt,EIN,STU,3,2.7759,3,3.54461,3.54461,2.648142,9.789473684210526,11,0,0.1548,2,0.896468,0.896468,-2.648142,9.464285714285714,1,Bundesliga,25/26
3,2025,30370,2026-01-14 19:30:00,134,117,FC Cologne,Bayern Munich,BAY,COL,0,0.42410000000000003,1,0.714659,0.714659,-1.401691,24.11764705882353,1,3,2.3963,3,2.11635,2.11635,1.401691,7.588235294117647,10,Bundesliga,25/26
3,2025,30372,2026-01-14 19:30:00,120,130,Hoffenheim,Borussia M.Gladbach,BMG,HOF,3,2.9149000000000003,5,4.3777,3.61992,2.78698,7.269230769230769,14,0,0.05499999999999999,1,0.83294,0.83294,-2.78698,20.63157894736842,3,Bundesliga,25/26
3,2025,30374,2026-01-14 19:30:00,136,135,RasenBallsport Leipzig,Freiburg,FRE,RBL,3,2.8859,2,2.80289,2.80289,2.655208,12.466666666666667,16,0,0.0668,0,0.147682,0.147682,-2.655208,11.344827586206897,3,Bundesliga,25/26
3,2025,30376,2026-01-14 17:30:00,131,288,Wolfsburg,St. Pauli,SPA,WOL,3,1.8627000000000002,2,1.78032,0.946931,-0.2647790000000001,10.818181818181818,7,0,0.7857000000000001,1,1.21171,1.21171,0.2647790000000001,53.857142857142854,3,Bundesliga,25/26
3,2025,30368,2026-01-15 19:30:00,121,240,Augsburg,Union Berlin,UNI,AUG,1,0.46969999999999995,1,0.559529,0.559529,-1.1787809999999999,20.928571428571427,5,1,2.3230999999999997,1,1.73831,1.73831,1.1787809999999999,8.814814814814815,9,Bundesliga,25/26
3,2025,30384,2026-01-16 19:30:00,123,132,Werder Bremen,Eintracht Frankfurt,EIN,WER,1,2.0233,3,2.10111,2.10111,0.8933899999999999,10.529411764705882,12,1,0.7453000000000001,3,1.20772,1.20772,-0.8933899999999999,10.76923076923077,5,Bundesliga,25/26
3,2025,30378,2026-01-17 14:30:00,129,288,Borussia Dortmund,St. Pauli,SPA,DOR,3,2.7103,3,2.5477,1.78993,1.257317,9.947368421052632,6,0,0.1897,2,0.532613,0.532613,-1.257317,24.5,4,Bundesliga,25/26
3,2025,30379,2026-01-17 14:30:00,134,125,FC Cologne,Mainz 05,MAI,COL,3,1.7123,2,2.41277,2.41277,0.50204,6.25,9,0,1.0433,1,1.91073,1.91073,-0.50204,18.0,5,Bundesliga,25/26
3,2025,30380,2026-01-17 14:30:00,118,130,Hamburger SV,Borussia M.Gladbach,BMG,HAM,1,1.916,0,1.26205,1.26205,0.6855279999999999,11.090909090909092,11,1,0.7768999999999999,0,0.576522,0.576522,-0.6855279999999999,14.083333333333334,3,Bundesliga,25/26
3,2025,30381,2026-01-17 14:30:00,120,119,Hoffenheim,Bayer Leverkusen,LEV,HOF,3,1.9893,1,2.11995,2.11995,0.8494699999999997,11.064516129032258,9,0,0.768,0,1.27048,1.27048,-0.8494699999999997,10.0,6,Bundesliga,25/26
3,2025,30382,2026-01-17 17:30:00,136,117,RasenBallsport Leipzig,Bayern Munich,BAY,RBL,0,0.517,1,2.86917,2.86917,-1.78309,23.875,8,3,2.3512000000000004,5,4.65226,4.65226,1.78309,12.166666666666666,9,Bundesliga,25/26
3,2025,30385,2026-01-17 14:30:00,131,280,Wolfsburg,FC Heidenheim,HEI,WOL,1,1.4056,1,1.07653,1.07653,0.08535799999999993,6.833333333333333,13,1,1.2753999999999999,1,0.991172,0.991172,-0.08535799999999993,23.6875,5,Bundesliga,25/26
3,2025,30377,2026-01-18 16:30:00,121,135,Augsburg,Freiburg,FRE,AUG,1,0.8369,2,0.986653,0.986653,-0.604417,14.823529411764707,2,1,1.8791,2,1.59107,1.59107,0.604417,6.25,7,Bundesliga,25/26
3,2025,30383,2026-01-18 14:30:00,133,240,VfB Stuttgart,Union Berlin,UNI,STU,1,1.6246,1,2.1978,2.1978,0.31017000000000006,16.545454545454547,6,1,1.1422,1,1.88763,1.88763,-0.31017000000000006,11.869565217391305,9,Bundesliga,25/26
3,2025,30393,2026-01-23 19:30:00,288,118,St. Pauli,Hamburger SV,HAM,SPA,1,1.1592,0,0.311991,0.311991,-0.021206000000000003,22.27777777777778,2,1,1.2603,0,0.333197,0.333197,0.021206000000000003,11.181818181818182,6,Bundesliga,25/26
3,2025,30386,2026-01-24 14:30:00,119,123,Bayer Leverkusen,Werder Bremen,WER,LEV,3,2.6257,1,2.51599,2.51599,1.842004,19.41176470588235,6,0,0.2593,0,0.673986,0.673986,-1.842004,10.931034482758621,11,Bundesliga,25/26
3,2025,30387,2026-01-24 14:30:00,117,121,Bayern Munich,Augsburg,AUG,BAY,0,2.1337,1,2.30773,2.30773,1.06222,6.285714285714286,14,3,0.6565,2,1.24551,1.24551,-1.06222,41.833333333333336,7,Bundesliga,25/26
3,2025,30389,2026-01-24 14:30:00,132,120,Eintracht Frankfurt,Hoffenheim,HOF,EIN,0,0.7291,1,0.829658,0.829658,-0.7984720000000001,14.65,5,3,2.0265999999999997,3,1.62813,1.62813,0.7984720000000001,6.9714285714285715,5,Bundesliga,25/26
3,2025,30391,2026-01-24 14:30:00,280,136,FC Heidenheim,RasenBallsport Leipzig,RBL,HEI,0,0.5707,0,0.987658,0.987658,-1.089092,28.75,1,3,2.212,3,2.07675,2.07675,1.089092,4.107142857142857,6,Bundesliga,25/26
3,2025,30392,2026-01-24 14:30:00,125,131,Mainz 05,Wolfsburg,WOL,MAI,3,2.9189000000000003,3,4.34199,2.82644,1.7330599999999998,8.666666666666666,4,0,0.0503,1,1.09338,1.09338,-1.7330599999999998,14.0,0,Bundesliga,25/26
3,2025,30394,2026-01-24 17:30:00,240,129,Union Berlin,Borussia Dortmund,DOR,UNI,0,0.4887,0,0.989732,0.989732,-0.525348,6.954545454545454,2,3,2.3277,3,2.27286,1.51508,0.525348,12.6875,6,Bundesliga,25/26
3,2025,30388,2026-01-25 14:30:00,130,133,Borussia M.Gladbach,VfB Stuttgart,STU,BMG,0,0.4347000000000001,0,1.22197,0.464191,-2.262629,16.625,3,3,2.3943,3,2.72682,2.72682,2.262629,10.538461538461538,11,Bundesliga,25/26
3,2025,30390,2026-01-25 16:30:00,135,134,Freiburg,FC Cologne,COL,FRE,3,2.0220000000000002,2,2.56728,1.8095,0.11831000000000014,16.571428571428573,5,0,0.7764,1,1.69119,1.69119,-0.11831000000000014,15.333333333333334,8,Bundesliga,25/26
3,2025,30365,2026-01-27 19:30:00,288,136,St. Pauli,RasenBallsport Leipzig,RBL,SPA,1,0.8,1,1.33165,0.573869,-1.4860210000000003,13.807692307692308,2,1,1.9403000000000001,1,2.05989,2.05989,1.4860210000000003,13.772727272727273,11,Bundesliga,25/26
3,2025,30367,2026-01-27 19:30:00,123,120,Werder Bremen,Hoffenheim,HOF,WER,0,2.0571,0,1.42692,1.42692,0.8593529999999999,15.727272727272727,16,3,0.6891,2,0.567567,0.567567,-0.8593529999999999,14.1,6,Bundesliga,25/26
3,2025,30398,2026-01-30 19:30:00,134,131,FC Cologne,Wolfsburg,WOL,COL,3,1.4458000000000002,1,1.43559,1.43559,0.08928000000000003,13.894736842105264,7,0,1.2832,0,1.34631,1.34631,-0.08928000000000003,4.6,1,Bundesliga,25/26
3,2025,30395,2026-01-31 14:30:00,121,288,Augsburg,St. Pauli,SPA,AUG,3,0.8924000000000001,2,2.11699,2.11699,-0.011340000000000128,20.4375,5,0,1.8991999999999998,1,2.88611,2.12833,0.011340000000000128,8.033333333333333,9,Bundesliga,25/26
3,2025,30397,2026-01-31 14:30:00,132,119,Eintracht Frankfurt,Bayer Leverkusen,LEV,EIN,0,1.1791999999999998,1,1.31849,1.31849,-0.21103000000000005,14.411764705882353,7,3,1.5314,3,1.52952,1.52952,0.21103000000000005,15.210526315789474,6,Bundesliga,25/26
3,2025,30399,2026-01-31 17:30:00,118,117,Hamburger SV,Bayern Munich,BAY,HAM,1,1.6573,2,2.64497,1.88719,-0.40192000000000005,17.7,4,1,1.1053,2,2.28911,2.28911,0.40192000000000005,8.526315789473685,12,Bundesliga,25/26
3,2025,30400,2026-01-31 14:30:00,120,240,Hoffenheim,Union Berlin,UNI,HOF,3,1.6297,3,1.50682,0.749038,-0.48371200000000003,6.05,3,0,1.0816,1,1.23275,1.23275,0.48371200000000003,11.434782608695652,4,Bundesliga,25/26
3,2025,30401,2026-01-31 14:30:00,136,125,RasenBallsport Leipzig,Mainz 05,MAI,RBL,0,1.0147,1,2.09422,2.09422,0.27520999999999995,12.166666666666666,17,3,1.7473,2,2.57678,1.81901,-0.27520999999999995,12.59375,5,Bundesliga,25/26
3,2025,30403,2026-01-31 14:30:00,123,130,Werder Bremen,Borussia M.Gladbach,BMG,WER,1,1.0837,1,0.991152,0.991152,-0.26599799999999996,5.75,16,1,1.6246,1,1.25715,1.25715,0.26599799999999996,15.380952380952381,3,Bundesliga,25/26
3,2025,30396,2026-02-01 16:30:00,129,280,Borussia Dortmund,FC Heidenheim,HEI,DOR,3,2.0357,3,4.13897,2.62341,-0.41983000000000015,5.285714285714286,21,0,0.7802,2,3.04324,3.04324,0.41983000000000015,13.529411764705882,6,Bundesliga,25/26
3,2025,30402,2026-02-01 14:30:00,133,135,VfB Stuttgart,Freiburg,FRE,STU,3,2.6184,1,2.95203,2.95203,2.0158430000000003,4.125,13,0,0.2703,0,0.936187,0.936187,-2.0158430000000003,9.2,2,Bundesliga,25/26
3,2025,30411,2026-02-06 19:30:00,240,132,Union Berlin,Eintracht Frankfurt,EIN,UNI,1,2.3667,1,1.27118,0.513402,0.21658900000000003,18.681818181818183,4,1,0.3918,1,0.296813,0.296813,-0.21658900000000003,6.916666666666667,3,Bundesliga,25/26
3,2025,30405,2026-02-07 17:30:00,130,119,Borussia M.Gladbach,Bayer Leverkusen,LEV,BMG,1,1.3769999999999998,1,0.783478,0.783478,0.04222099999999995,25.529411764705884,6,1,1.2474,1,0.741257,0.741257,-0.04222099999999995,13.590909090909092,7,Bundesliga,25/26
3,2025,30408,2026-02-07 14:30:00,280,118,FC Heidenheim,Hamburger SV,HAM,HEI,0,0.9401999999999999,0,1.04614,1.04614,-0.50492,11.25,6,3,1.7874,2,1.55106,1.55106,0.50492,14.5,11,Bundesliga,25/26
3,2025,30407,2026-02-07 14:30:00,135,123,Freiburg,Werder Bremen,WER,FRE,3,0.6156999999999999,1,0.36452,0.36452,-0.7588000000000001,15.058823529411764,2,0,2.0782,0,1.12332,1.12332,0.7588000000000001,4.607142857142857,16,Bundesliga,25/26
3,2025,30409,2026-02-07 14:30:00,125,121,Mainz 05,Augsburg,AUG,MAI,3,2.4712,2,3.00656,1.49101,0.13161999999999985,14.727272727272727,9,0,0.3853,0,1.35939,1.35939,-0.13161999999999985,9.0,4,Bundesliga,25/26
3,2025,30410,2026-02-07 14:30:00,288,133,St. Pauli,VfB Stuttgart,STU,SPA,3,1.9923,2,1.66217,0.904394,-0.008232999999999935,27.666666666666668,8,0,0.7473000000000001,1,0.912627,0.912627,0.008232999999999935,10.0,6,Bundesliga,25/26
3,2025,30412,2026-02-07 14:30:00,131,129,Wolfsburg,Borussia Dortmund,DOR,WOL,0,1.6153,1,2.02751,2.02751,0.3214999999999999,11.0,8,3,1.1421999999999999,2,1.70601,1.70601,-0.3214999999999999,8.277777777777779,16,Bundesliga,25/26
3,2025,30404,2026-02-08 16:30:00,117,120,Bayern Munich,Hoffenheim,HOF,BAY,3,2.8608,5,6.37827,4.86272,2.1944300000000005,8.096774193548388,16,0,0.1011,1,2.66829,2.66829,-2.1944300000000005,13.117647058823529,5,Bundesliga,25/26
3,2025,30406,2026-02-08 14:30:00,134,136,FC Cologne,RasenBallsport Leipzig,RBL,COL,0,0.3111,1,1.12167,1.12167,-1.9360300000000001,9.24,6,3,2.5683,2,3.0577,3.0577,1.9360300000000001,7.909090909090909,8,Bundesliga,25/26
3,2025,30415,2026-02-13 19:30:00,129,125,Borussia Dortmund,Mainz 05,MAI,DOR,3,1.4161000000000001,4,1.81026,1.81026,0.1382699999999999,15.0,5,0,1.3072,0,1.67199,1.67199,-0.1382699999999999,23.214285714285715,2,Bundesliga,25/26
3,2025,30414,2026-02-14 14:30:00,119,288,Bayer Leverkusen,St. Pauli,SPA,LEV,3,2.5293,4,2.26044,2.26044,1.605657,13.235294117647058,8,0,0.321,0,0.654783,0.654783,-1.605657,26.05,2,Bundesliga,25/26
3,2025,30416,2026-02-14 14:30:00,132,130,Eintracht Frankfurt,Borussia M.Gladbach,BMG,EIN,3,2.081,3,1.98736,1.98736,0.95581,11.24,4,0,0.707,0,1.03155,1.03155,-0.95581,11.125,9,Bundesliga,25/26
3,2025,30417,2026-02-14 14:30:00,118,240,Hamburger SV,Union Berlin,UNI,HAM,3,1.3563,3,2.20339,2.20339,0.7715000000000001,10.125,9,0,1.3982999999999999,2,2.18966,1.43189,-0.7715000000000001,12.789473684210526,8,Bundesliga,25/26
3,2025,30418,2026-02-14 14:30:00,120,135,Hoffenheim,Freiburg,FRE,HOF,3,2.2611999999999997,3,1.90052,1.90052,1.156466,8.8,16,0,0.5314,0,0.744054,0.744054,-1.156466,21.714285714285715,4,Bundesliga,25/26
3,2025,30420,2026-02-14 17:30:00,133,134,VfB Stuttgart,FC Cologne,COL,STU,3,2.3451000000000004,3,2.56266,2.56266,1.4302000000000001,10.9375,11,0,0.4827,1,1.13246,1.13246,-1.4302000000000001,12.15,6,Bundesliga,25/26
3,2025,30421,2026-02-14 14:30:00,123,117,Werder Bremen,Bayern Munich,BAY,WER,0,0.5313,0,0.77965,0.77965,-0.3397000000000001,13.774193548387096,8,3,2.2593,3,1.87713,1.11935,0.3397000000000001,11.157894736842104,12,Bundesliga,25/26
3,2025,30413,2026-02-15 14:30:00,121,280,Augsburg,FC Heidenheim,HEI,AUG,3,2.3775,1,1.87679,1.11901,0.42123600000000005,14.947368421052632,5,0,0.43410000000000004,0,0.697774,0.697774,-0.42123600000000005,11.0,7,Bundesliga,25/26
3,2025,30419,2026-02-15 16:30:00,136,131,RasenBallsport Leipzig,Wolfsburg,WOL,RBL,1,2.5604999999999998,2,2.51087,2.51087,1.823109,11.875,17,1,0.30479999999999996,2,0.687761,0.687761,-1.823109,17.94736842105263,5,Bundesliga,25/26
3,2025,30426,2026-02-20 19:30:00,125,118,Mainz 05,Hamburger SV,HAM,MAI,1,2.1144,1,1.75215,1.75215,0.9287520000000001,11.75,5,1,0.6525,1,0.823398,0.823398,-0.9287520000000001,8.666666666666666,3,Bundesliga,25/26
3,2025,30422,2026-02-21 14:30:00,117,132,Bayern Munich,Eintracht Frankfurt,EIN,BAY,3,1.7048999999999999,3,2.83518,2.83518,1.3003799999999999,13.423076923076923,13,0,1.0602,2,2.29258,1.5348,-1.3003799999999999,16.6875,2,Bundesliga,25/26
3,2025,30423,2026-02-21 14:30:00,134,120,FC Cologne,Hoffenheim,HOF,COL,1,0.8499,2,1.12252,1.12252,-0.7017800000000001,25.727272727272727,3,1,1.9035,2,1.8243,1.8243,0.7017800000000001,7.352941176470588,12,Bundesliga,25/26
3,2025,30427,2026-02-21 17:30:00,136,129,RasenBallsport Leipzig,Borussia Dortmund,DOR,RBL,1,2.6228,2,3.50934,3.50934,2.15587,11.764705882352942,14,1,0.275,2,1.35347,1.35347,-2.15587,13.0,10,Bundesliga,25/26
3,2025,30429,2026-02-21 14:30:00,240,119,Union Berlin,Bayer Leverkusen,LEV,UNI,3,0.9501,1,0.757702,0.757702,-0.44503799999999993,16.928571428571427,6,0,1.7403,0,1.20274,1.20274,0.44503799999999993,9.6875,8,Bundesliga,25/26
3,2025,30430,2026-02-21 14:30:00,131,121,Wolfsburg,Augsburg,AUG,WOL,0,1.8725,2,2.17584,2.17584,1.3693469999999999,11.421052631578947,6,3,0.8804,3,1.56427,0.806493,-1.3693469999999999,14.181818181818182,8,Bundesliga,25/26
3,2025,30425,2026-02-22 18:30:00,280,133,FC Heidenheim,VfB Stuttgart,STU,HEI,1,1.3766,3,2.21575,1.45797,-0.05929999999999991,19.764705882352942,6,1,1.3592,3,2.27505,1.51727,0.05929999999999991,9.277777777777779,14,Bundesliga,25/26
3,2025,30424,2026-02-22 14:30:00,135,130,Freiburg,Borussia M.Gladbach,BMG,FRE,3,1.5742,2,1.29234,1.29234,0.26378999999999997,13.26086956521739,4,0,1.1014,1,1.02855,1.02855,-0.26378999999999997,10.0,4,Bundesliga,25/26
3,2025,30428,2026-02-22 16:30:00,288,123,St. Pauli,Werder Bremen,WER,SPA,3,0.2873,2,0.260698,0.260698,-1.3507120000000001,32.6,2,0,2.5378999999999996,1,1.61141,1.61141,1.3507120000000001,10.818181818181818,3,Bundesliga,25/26
3,2025,30431,2026-02-27 19:30:00,121,134,Augsburg,FC Cologne,COL,AUG,3,2.2977,2,1.55844,1.55844,1.065742,10.344827586206897,8,0,0.4746,0,0.492698,0.492698,-1.065742,18.076923076923077,5,Bundesliga,25/26
3,2025,30432,2026-02-28 14:30:00,119,125,Bayer Leverkusen,Mainz 05,MAI,LEV,1,2.1935000000000002,1,1.94817,1.94817,0.9767699999999999,12.058823529411764,9,1,0.5864,1,0.9714,0.9714,-0.9767699999999999,16.25925925925926,13,Bundesliga,25/26
3,2025,30434,2026-02-28 17:30:00,129,117,Borussia Dortmund,Bayern Munich,BAY,DOR,0,0.978,2,1.39761,1.39761,0.26522,11.379310344827585,9,3,1.7622000000000002,3,1.89016,1.13239,-0.26522,4.92,9,Bundesliga,25/26
3,2025,30433,2026-02-28 14:30:00,130,240,Borussia M.Gladbach,Union Berlin,UNI,BMG,3,2.8978,1,2.56014,1.80237,1.6647720000000001,12.5,10,0,0.058,0,0.137598,0.137598,-1.6647720000000001,9.68,4,Bundesliga,25/26
3,2025,30437,2026-02-28 14:30:00,120,288,Hoffenheim,St. Pauli,SPA,HOF,0,2.4555000000000002,0,2.57411,2.57411,1.627606,5.7407407407407405,15,3,0.38849999999999996,1,0.946504,0.946504,-1.627606,46.714285714285715,2,Bundesliga,25/26
3,2025,30439,2026-02-28 14:30:00,123,280,Werder Bremen,FC Heidenheim,HEI,WER,3,2.4202,2,3.47889,3.47889,1.7696999999999998,11.904761904761905,9,0,0.4402,0,1.70919,1.70919,-1.7696999999999998,12.88888888888889,4,Bundesliga,25/26
3,2025,30435,2026-03-01 16:30:00,132,135,Eintracht Frankfurt,Freiburg,FRE,EIN,3,2.2137,2,1.67095,1.67095,1.02902,11.0,10,0,0.5457,0,0.64193,0.64193,-1.02902,13.296296296296296,1,Bundesliga,25/26
3,2025,30436,2026-03-01 18:30:00,118,136,Hamburger SV,RasenBallsport Leipzig,RBL,HAM,0,0.3599,1,0.820585,0.820585,-0.7116049999999999,18.857142857142858,4,3,2.4631999999999996,2,2.28997,1.53219,0.7116049999999999,10.571428571428571,13,Bundesliga,25/26
3,2025,30438,2026-03-01 14:30:00,133,131,VfB Stuttgart,Wolfsburg,WOL,STU,3,2.6086,4,2.95189,2.95189,2.086151,21.666666666666668,14,0,0.2788,0,0.865739,0.865739,-2.086151,12.333333333333334,5,Bundesliga,25/26
3,2025,30371,2026-03-04 19:30:00,118,119,Hamburger SV,Bayer Leverkusen,LEV,HAM,0,0.4557,0,1.28692,1.28692,-1.3918199999999998,12.91304347826087,4,3,2.3661,1,2.67874,2.67874,1.3918199999999998,5.787878787878788,8,Bundesliga,25/26
3,2025,30440,2026-03-06 19:30:00,117,130,Bayern Munich,Borussia M.Gladbach,BMG,BAY,3,2.5879,4,3.11976,2.36198,1.14205,9.0,12,0,0.2884,1,1.21993,1.21993,-1.14205,32.18181818181818,1,Bundesliga,25/26
3,2025,30441,2026-03-07 17:30:00,134,129,FC Cologne,Borussia Dortmund,DOR,COL,0,0.6715,1,0.96405,0.96405,-0.9933500000000001,17.88888888888889,3,3,2.1174999999999997,2,1.9574,1.9574,0.9933500000000001,9.238095238095237,12,Bundesliga,25/26
3,2025,30443,2026-03-07 14:30:00,280,120,FC Heidenheim,Hoffenheim,HOF,HEI,0,0.2281,2,0.966678,0.966678,-1.8271519999999999,11.947368421052632,4,3,2.6482,4,2.79383,2.79383,1.8271519999999999,9.19047619047619,16,Bundesliga,25/26
3,2025,30442,2026-03-07 14:30:00,135,119,Freiburg,Bayer Leverkusen,LEV,FRE,1,1.6516000000000002,3,2.58409,2.58409,0.3977900000000001,14.45,7,1,1.1116000000000001,3,2.1863,2.1863,-0.3977900000000001,11.619047619047619,9,Bundesliga,25/26
3,2025,30444,2026-03-07 14:30:00,125,133,Mainz 05,VfB Stuttgart,STU,MAI,1,2.7774,2,3.52523,3.52523,2.605162,24.846153846153847,10,1,0.15360000000000001,2,0.920068,0.920068,-2.605162,10.133333333333333,10,Bundesliga,25/26
3,2025,30445,2026-03-07 14:30:00,136,121,RasenBallsport Leipzig,Augsburg,AUG,RBL,3,0.5819,2,2.19435,2.19435,-0.7129699999999999,14.0,12,0,2.261,1,3.6651,2.90732,0.7129699999999999,32.375,6,Bundesliga,25/26
3,2025,30448,2026-03-07 14:30:00,131,118,Wolfsburg,Hamburger SV,HAM,WOL,0,1.8760999999999999,1,2.46612,1.70835,1.419451,9.476190476190476,5,3,0.8591,2,1.80445,0.288899,-1.419451,18.5,2,Bundesliga,25/26
3,2025,30446,2026-03-08 14:30:00,288,132,St. Pauli,Eintracht Frankfurt,EIN,SPA,1,1.2629000000000001,0,0.472285,0.472285,0.02074799999999999,24.764705882352942,7,1,1.2524000000000002,0,0.451537,0.451537,-0.02074799999999999,5.2727272727272725,3,Bundesliga,25/26
3,2025,30447,2026-03-08 16:30:00,240,123,Union Berlin,Werder Bremen,WER,UNI,0,0.5366,1,1.12998,0.372203,-1.867637,43.3,1,3,2.2325,4,2.23984,2.23984,1.867637,6.8125,9,Bundesliga,25/26
3,2025,30450,2026-03-13 19:30:00,130,288,Borussia M.Gladbach,St. Pauli,SPA,BMG,3,1.7550999999999999,2,1.08342,1.08342,0.4547070000000001,23.153846153846153,3,0,0.9157,0,0.628713,0.628713,-0.4547070000000001,14.61111111111111,7,Bundesliga,25/26
3,2025,30449,2026-03-14 14:30:00,119,117,Bayer Leverkusen,Bayern Munich,BAY,LEV,1,2.2891,1,2.65255,2.65255,1.3843800000000002,12.25,9,1,0.5338,1,1.26817,1.26817,-1.3843800000000002,11.0,12,Bundesliga,25/26
3,2025,30451,2026-03-14 14:30:00,129,121,Borussia Dortmund,Augsburg,AUG,DOR,3,2.5536,2,2.49053,2.49053,1.734785,9.833333333333334,13,0,0.306,0,0.755745,0.755745,-1.734785,24.857142857142858,5,Bundesliga,25/26
3,2025,30452,2026-03-14 14:30:00,132,280,Eintracht Frankfurt,FC Heidenheim,HEI,EIN,3,1.9125999999999999,1,0.725159,0.725159,0.588985,14.416666666666666,6,0,0.6367,0,0.136174,0.136174,-0.588985,20.42105263157895,2,Bundesliga,25/26
3,2025,30454,2026-03-14 17:30:00,118,134,Hamburger SV,FC Cologne,COL,HAM,1,0.8543000000000001,1,0.556493,0.556493,-0.427675,18.5625,3,1,1.7797999999999998,1,0.984168,0.984168,0.427675,12.333333333333334,5,Bundesliga,25/26
3,2025,30455,2026-03-14 14:30:00,120,131,Hoffenheim,Wolfsburg,WOL,HOF,1,2.8014,1,2.23813,2.23813,2.016699,6.105263157894737,7,1,0.11549999999999999,1,0.221431,0.221431,-2.016699,22.0,2,Bundesliga,25/26
3,2025,30453,2026-03-15 16:30:00,135,240,Freiburg,Union Berlin,UNI,FRE,0,1.5914,0,1.34508,1.34508,0.3444800000000001,6.166666666666667,7,3,1.0985,1,1.0006,1.0006,-0.3444800000000001,14.4,0,Bundesliga,25/26
3,2025,30456,2026-03-15 18:30:00,133,136,VfB Stuttgart,RasenBallsport Leipzig,RBL,STU,3,1.9848,1,1.93167,1.93167,0.80989,7.125,5,0,0.7794,0,1.12178,1.12178,-0.80989,9.038461538461538,5,Bundesliga,25/26
3,2025,30457,2026-03-15 14:30:00,123,125,Werder Bremen,Mainz 05,MAI,WER,0,0.5565,0,0.890006,0.890006,-1.166204,9.6875,6,3,2.2494,2,2.05621,2.05621,1.166204,24.1875,4,Bundesliga,25/26
3,2025,30464,2026-03-20 19:30:00,136,120,RasenBallsport Leipzig,Hoffenheim,HOF,RBL,3,2.815,5,2.90699,2.90699,2.385586,14.578947368421053,12,0,0.1216,0,0.521404,0.521404,-2.385586,9.0,3,Bundesliga,25/26
3,2025,30459,2026-03-21 14:30:00,117,240,Bayern Munich,Union Berlin,UNI,BAY,3,2.9976,4,5.93389,5.93389,5.709318,9.071428571428571,16,0,0.0012,0,0.224572,0.224572,-5.709318,23.941176470588236,1,Bundesliga,25/26
3,2025,30460,2026-03-21 17:30:00,129,118,Borussia Dortmund,Hamburger SV,HAM,DOR,3,2.9829999999999997,3,6.10187,3.82854,2.5980499999999997,6.08,13,0,0.0112,2,1.23049,1.23049,-2.5980499999999997,21.3,3,Bundesliga,25/26
3,2025,30461,2026-03-21 14:30:00,134,130,FC Cologne,Borussia M.Gladbach,BMG,COL,1,1.5298,3,1.29293,1.29293,0.2113999999999998,10.083333333333334,7,1,1.1536,3,1.08153,1.08153,-0.2113999999999998,14.266666666666667,6,Bundesliga,25/26
3,2025,30462,2026-03-21 14:30:00,280,119,FC Heidenheim,Bayer Leverkusen,LEV,HEI,1,1.2134,3,1.73738,0.979599,-0.9832709999999999,15.38888888888889,5,1,1.5188,3,1.96287,1.96287,0.9832709999999999,10.65,7,Bundesliga,25/26
3,2025,30466,2026-03-21 14:30:00,131,123,Wolfsburg,Werder Bremen,WER,WOL,0,1.9457000000000002,0,1.05686,1.05686,0.6419359999999998,7.125,12,3,0.7253000000000001,1,0.414924,0.414924,-0.6419359999999998,31.11111111111111,3,Bundesliga,25/26
3,2025,30458,2026-03-22 18:30:00,121,133,Augsburg,VfB Stuttgart,STU,AUG,0,0.23859999999999998,2,1.59097,1.59097,-2.27997,14.826086956521738,6,3,2.665,5,3.87094,3.87094,2.27997,9.88888888888889,10,Bundesliga,25/26
3,2025,30463,2026-03-22 14:30:00,125,132,Mainz 05,Eintracht Frankfurt,EIN,MAI,3,1.1195,2,1.38387,1.38387,-0.33360999999999996,23.38888888888889,5,0,1.5995,1,1.71748,1.71748,0.33360999999999996,13.777777777777779,10,Bundesliga,25/26
3,2025,30465,2026-03-22 16:30:00,288,135,St. Pauli,Freiburg,FRE,SPA,0,0.5226999999999999,1,1.39653,1.39653,-1.3476799999999998,16.0,7,3,2.2999,2,2.74421,2.74421,1.3476799999999998,15.428571428571429,3,Bundesliga,25/26
3,2025,30467,2026-04-04 13:30:00,119,131,Bayer Leverkusen,Wolfsburg,WOL,LEV,3,2.5216,6,4.59518,3.07963,1.29029,9.8,15,0,0.36429999999999996,3,2.54712,1.78934,-1.29029,22.0,7,Bundesliga,25/26
3,2025,30468,2026-04-04 13:30:00,130,280,Borussia M.Gladbach,FC Heidenheim,HEI,BMG,1,1.552,2,1.09174,1.09174,0.2083719999999999,13.541666666666666,6,1,1.1278,2,0.883368,0.883368,-0.2083719999999999,13.32,4,Bundesliga,25/26
3,2025,30470,2026-04-04 13:30:00,135,117,Freiburg,Bayern Munich,BAY,FRE,0,1.0534000000000001,2,2.04585,2.04585,-0.44530999999999965,11.392857142857142,3,3,1.7182,3,2.49116,2.49116,0.44530999999999965,5.68,18,Bundesliga,25/26
3,2025,30471,2026-04-04 13:30:00,118,121,Hamburger SV,Augsburg,AUG,HAM,1,0.7242,1,1.53108,1.53108,-1.0448099999999998,7.875,10,1,2.0868,1,2.57589,2.57589,1.0448099999999998,16.285714285714285,10,Bundesliga,25/26
3,2025,30472,2026-04-04 13:30:00,120,125,Hoffenheim,Mainz 05,MAI,HOF,0,0.7981,1,1.51732,1.51732,-0.7116100000000001,5.884615384615385,11,3,1.9551999999999998,2,2.22893,2.22893,0.7116100000000001,23.90909090909091,3,Bundesliga,25/26
3,2025,30473,2026-04-04 16:30:00,133,129,VfB Stuttgart,Borussia Dortmund,DOR,STU,0,1.0386,0,0.553248,0.553248,-0.21124200000000004,7.304347826086956,7,3,1.5758999999999999,2,0.76449,0.76449,0.21124200000000004,18.647058823529413,2,Bundesliga,25/26
3,2025,30475,2026-04-04 13:30:00,123,136,Werder Bremen,RasenBallsport Leipzig,RBL,WER,0,0.8017000000000001,1,0.898486,0.898486,-0.714964,9.25,11,3,1.9596999999999998,2,1.61345,1.61345,0.714964,16.272727272727273,7,Bundesliga,25/26
3,2025,30469,2026-04-05 15:30:00,132,134,Eintracht Frankfurt,FC Cologne,COL,EIN,1,0.794,2,2.16998,2.16998,-0.9281700000000002,10.0,11,1,2.0086999999999997,2,3.09815,3.09815,0.9281700000000002,25.928571428571427,5,Bundesliga,25/26
3,2025,30474,2026-04-05 13:30:00,240,288,Union Berlin,St. Pauli,SPA,UNI,1,2.5116,1,1.78288,1.78288,1.457403,7.791666666666667,4,1,0.3174,1,0.325477,0.325477,-1.457403,17.642857142857142,1,Bundesliga,25/26
3,2025,30476,2026-04-10 18:30:00,121,120,Augsburg,Hoffenheim,HOF,AUG,1,2.2237,2,2.67199,1.91422,0.48270000000000013,43.42857142857143,8,1,0.5916999999999999,2,1.43152,1.43152,-0.48270000000000013,4.137931034482759,12,Bundesliga,25/26
3,2025,30477,2026-04-11 13:30:00,129,119,Borussia Dortmund,Bayer Leverkusen,LEV,DOR,0,1.5653,0,1.01423,1.01423,0.285644,22.333333333333332,16,3,1.0958,1,0.728586,0.728586,-0.285644,21.923076923076923,6,Bundesliga,25/26
3,2025,30479,2026-04-11 13:30:00,280,240,FC Heidenheim,Union Berlin,UNI,HEI,3,2.1609000000000003,3,2.11247,2.11247,0.9936200000000002,8.173913043478262,5,0,0.6282,1,1.11885,1.11885,-0.9936200000000002,8.5,6,Bundesliga,25/26
3,2025,30481,2026-04-11 13:30:00,136,130,RasenBallsport Leipzig,Borussia M.Gladbach,BMG,RBL,3,1.9796,1,2.56843,2.56843,0.9058500000000003,10.956521739130435,20,0,0.8078,0,1.66258,1.66258,-0.9058500000000003,20.272727272727273,7,Bundesliga,25/26
3,2025,30482,2026-04-11 16:30:00,288,117,St. Pauli,Bayern Munich,BAY,SPA,0,0.0275,0,0.355983,0.355983,-3.7984869999999997,60.77777777777778,2,3,2.9518999999999997,5,4.15447,4.15447,3.7984869999999997,7.954545454545454,23,Bundesliga,25/26
3,2025,30484,2026-04-11 13:30:00,131,132,Wolfsburg,Eintracht Frankfurt,EIN,WOL,0,1.9873000000000003,1,2.26232,2.26232,0.8753799999999998,12.631578947368421,4,3,0.7872999999999999,2,1.38694,1.38694,-0.8753799999999998,14.25,6,Bundesliga,25/26
3,2025,30478,2026-04-12 13:30:00,134,123,FC Cologne,Werder Bremen,WER,COL,3,2.9261,3,3.90871,3.15093,3.0385679999999997,8.125,12,0,0.0437,1,0.870139,0.112362,-3.0385679999999997,17.0,4,Bundesliga,25/26
3,2025,30480,2026-04-12 17:30:00,125,135,Mainz 05,Freiburg,FRE,MAI,0,1.1888,0,0.458085,0.458085,-0.08079699999999995,10.285714285714286,5,3,1.3583,1,0.538882,0.538882,0.08079699999999995,10.3125,4,Bundesliga,25/26
3,2025,30483,2026-04-12 15:30:00,133,118,VfB Stuttgart,Hamburger SV,HAM,STU,3,2.9269000000000003,4,3.8645,3.10672,2.689166,6.296296296296297,18,0,0.0451,0,0.417554,0.417554,-2.689166,14.55,3,Bundesliga,25/26
3,2025,30491,2026-04-17 18:30:00,288,134,St. Pauli,FC Cologne,COL,SPA,1,2.1436,1,2.2798,2.2798,1.7699669999999998,20.833333333333332,4,1,0.6343,1,1.26761,0.509833,-1.7699669999999998,16.928571428571427,6,Bundesliga,25/26
3,2025,30485,2026-04-18 13:30:00,119,121,Bayer Leverkusen,Augsburg,AUG,LEV,0,2.6809,1,3.73107,3.73107,3.191416,7.352941176470588,21,3,0.22449999999999998,2,1.29743,0.539654,-3.191416,29.333333333333332,3,Bundesliga,25/26
3,2025,30488,2026-04-18 16:30:00,132,136,Eintracht Frankfurt,RasenBallsport Leipzig,RBL,EIN,0,0.9603999999999999,1,1.40341,1.40341,-0.61781,8.346153846153847,7,3,1.8031,3,2.02122,2.02122,0.61781,8.88,10,Bundesliga,25/26
3,2025,30490,2026-04-18 13:30:00,120,129,Hoffenheim,Borussia Dortmund,DOR,HOF,3,2.1567,2,2.22458,0.709032,-0.5738880000000001,12.588235294117647,8,0,0.6111,1,1.28292,1.28292,0.5738880000000001,14.25,7,Bundesliga,25/26
3,2025,30492,2026-04-18 13:30:00,240,131,Union Berlin,Wolfsburg,WOL,UNI,0,2.7461,1,2.38881,2.38881,2.15388,8.916666666666666,14,3,0.1505,2,0.23493,0.23493,-2.15388,11.35,1,Bundesliga,25/26
3,2025,30493,2026-04-18 13:30:00,123,118,Werder Bremen,Hamburger SV,HAM,WER,3,1.9123999999999999,3,1.60257,1.60257,0.6883210000000001,8.434782608695652,5,0,0.8267,1,0.914249,0.914249,-0.6883210000000001,13.947368421052632,6,Bundesliga,25/26
3,2025,30486,2026-04-19 15:30:00,117,133,Bayern Munich,VfB Stuttgart,STU,BAY,3,2.9159,4,5.11014,5.11014,3.8497600000000003,9.0,18,0,0.056299999999999996,2,1.26038,1.26038,-3.8497600000000003,36.0,6,Bundesliga,25/26
3,2025,30487,2026-04-19 17:30:00,130,125,Borussia M.Gladbach,Mainz 05,MAI,BMG,1,0.4989,1,1.11134,1.11134,-0.59284,15.529411764705882,5,1,2.3199,1,2.46195,1.70418,0.59284,12.578947368421053,11,Bundesliga,25/26
3,2025,30489,2026-04-19 13:30:00,135,280,Freiburg,FC Heidenheim,HEI,FRE,3,1.639,2,2.13766,2.13766,0.39339999999999997,12.0,13,0,1.1254,1,1.74426,1.74426,-0.39339999999999997,12.5625,8,Bundesliga,25/26
3,2025,30500,2026-04-24 18:30:00,136,240,RasenBallsport Leipzig,Union Berlin,UNI,RBL,3,2.9793,3,4.53545,4.53545,4.163085,15.5,7,0,0.0126,1,0.372365,0.372365,-4.163085,19.55,1,Bundesliga,25/26
3,2025,30494,2026-04-25 13:30:00,121,132,Augsburg,Eintracht Frankfurt,EIN,AUG,1,2.3017,1,2.13872,2.13872,1.2844820000000001,13.1,6,1,0.517,1,0.854238,0.854238,-1.2844820000000001,4.678571428571429,12,Bundesliga,25/26
3,2025,30496,2026-04-25 13:30:00,134,119,FC Cologne,Bayer Leverkusen,LEV,COL,0,2.3526000000000002,1,3.49945,3.49945,2.39974,21.055555555555557,14,3,0.4899,2,1.85749,1.09971,-2.39974,17.928571428571427,2,Bundesliga,25/26
3,2025,30498,2026-04-25 13:30:00,280,288,FC Heidenheim,St. Pauli,SPA,HEI,3,2.1298,2,2.17234,2.17234,0.9948100000000002,13.6,10,0,0.6526,0,1.17753,1.17753,-0.9948100000000002,10.909090909090908,4,Bundesliga,25/26
3,2025,30497,2026-04-25 16:30:00,118,120,Hamburger SV,Hoffenheim,HOF,HAM,0,0.7349999999999999,1,1.48261,0.724833,-1.7037870000000002,11.894736842105264,7,3,2.0487,2,2.42862,2.42862,1.7037870000000002,5.193548387096774,5,Bundesliga,25/26
3,2025,30499,2026-04-25 13:30:00,125,117,Mainz 05,Bayern Munich,BAY,MAI,0,1.9802000000000002,3,3.22403,3.22403,0.8620899999999998,20.5625,8,3,0.8141,4,2.36194,2.36194,-0.8620899999999998,6.142857142857143,15,Bundesliga,25/26
3,2025,30502,2026-04-25 13:30:00,131,130,Wolfsburg,Borussia M.Gladbach,BMG,WOL,1,2.2736000000000005,0,1.61116,1.61116,1.138007,15.476190476190476,8,1,0.4961,0,0.473153,0.473153,-1.138007,12.1875,8,Bundesliga,25/26
3,2025,30495,2026-04-26 15:30:00,129,135,Borussia Dortmund,Freiburg,FRE,DOR,3,2.8345000000000002,4,3.09306,3.09306,2.596089,7.9655172413793105,13,0,0.10569999999999999,0,0.496971,0.496971,-2.596089,11.28,3,Bundesliga,25/26
3,2025,30501,2026-04-26 13:30:00,133,123,VfB Stuttgart,Werder Bremen,WER,STU,1,2.115,1,1.99681,1.99681,1.0378180000000001,6.884615384615385,10,1,0.6684,1,0.958992,0.958992,-1.0378180000000001,26.0,5,Bundesliga,25/26
3,2025,30503,2026-05-02 16:30:00,119,136,Bayer Leverkusen,RasenBallsport Leipzig,RBL,LEV,3,2.9135,4,5.41733,5.41733,3.92,10.842105263157896,14,0,0.059,1,1.49733,1.49733,-3.92,15.3,9,Bundesliga,25/26
3,2025,30504,2026-05-02 13:30:00,117,280,Bayern Munich,FC Heidenheim,HEI,BAY,1,0.8864,3,1.87973,1.87973,-0.6022400000000001,7.461538461538462,12,1,1.8724999999999998,3,2.48197,2.48197,0.6022400000000001,23.0,9,Bundesliga,25/26
3,2025,30506,2026-05-02 13:30:00,132,118,Eintracht Frankfurt,Hamburger SV,HAM,EIN,0,1.6466,1,0.992322,0.992322,0.365113,6.6,8,3,1.0073,2,0.627209,0.627209,-0.365113,31.22222222222222,6,Bundesliga,25/26
3,2025,30508,2026-05-02 13:30:00,120,133,Hoffenheim,VfB Stuttgart,STU,HOF,1,1.9964999999999997,3,2.6399,2.6399,0.8783699999999999,10.090909090909092,13,1,0.7893000000000001,3,1.76153,1.76153,-0.8783699999999999,14.0,4,Bundesliga,25/26
3,2025,30510,2026-05-02 13:30:00,240,134,Union Berlin,FC Cologne,COL,UNI,1,0.6979,2,0.887532,0.887532,-0.808268,14.307692307692308,10,1,2.0500000000000003,2,1.6958,1.6958,0.808268,12.88888888888889,7,Bundesliga,25/26
3,2025,30511,2026-05-02 13:30:00,123,121,Werder Bremen,Augsburg,AUG,WER,0,0.17220000000000002,1,0.814452,0.814452,-2.421798,5.225806451612903,12,3,2.7477,3,3.23625,3.23625,2.421798,52.857142857142854,4,Bundesliga,25/26
3,2025,30505,2026-05-03 15:30:00,130,129,Borussia M.Gladbach,Borussia Dortmund,DOR,BMG,3,2.7703,1,2.68245,2.68245,2.2543499999999996,9.966666666666667,9,0,0.1501,0,0.4281,0.4281,-2.2543499999999996,10.838709677419354,5,Bundesliga,25/26
3,2025,30507,2026-05-03 17:30:00,135,131,Freiburg,Wolfsburg,WOL,FRE,1,1.2214,1,0.947988,0.947988,-0.1628719999999999,12.6,5,1,1.4487999999999999,1,1.11086,1.11086,0.1628719999999999,10.827586206896552,2,Bundesliga,25/26
3,2025,30509,2026-05-03 13:30:00,288,125,St. Pauli,Mainz 05,MAI,SPA,0,0.3917,1,1.08664,1.08664,-1.7200799999999998,16.352941176470587,4,3,2.4701,2,2.80672,2.80672,1.7200799999999998,20.642857142857142,11,Bundesliga,25/26
3,2025,30513,2026-05-08 18:30:00,129,132,Borussia Dortmund,Eintracht Frankfurt,EIN,DOR,3,2.6484,3,2.94988,2.94988,2.007357,9.6875,12,0,0.23520000000000002,2,0.942523,0.942523,-2.007357,16.4,4,Bundesliga,25/26
3,2025,30512,2026-05-09 13:30:00,121,130,Augsburg,Borussia M.Gladbach,BMG,AUG,3,2.5244999999999997,3,2.80244,2.80244,1.74751,16.9,8,0,0.3405,1,1.05493,1.05493,-1.74751,7.761904761904762,9,Bundesliga,25/26
3,2025,30516,2026-05-09 13:30:00,120,123,Hoffenheim,Werder Bremen,WER,HOF,3,1.22,1,1.28965,1.28965,-0.16307000000000005,7.1,21,0,1.5052999999999999,0,1.45272,1.45272,0.16307000000000005,20.7,2,Bundesliga,25/26
3,2025,30518,2026-05-09 13:30:00,136,288,RasenBallsport Leipzig,St. Pauli,SPA,RBL,3,2.4375,2,2.32909,2.32909,1.383136,8.647058823529411,9,0,0.38970000000000005,1,0.945954,0.945954,-1.383136,20.636363636363637,9,Bundesliga,25/26
3,2025,30519,2026-05-09 13:30:00,133,119,VfB Stuttgart,Bayer Leverkusen,LEV,STU,3,2.8681,3,3.42891,2.67114,2.0392349999999997,11.6,13,0,0.08199999999999999,1,0.631905,0.631905,-2.0392349999999997,14.181818181818182,9,Bundesliga,25/26
3,2025,30520,2026-05-09 16:30:00,131,117,Wolfsburg,Bayern Munich,BAY,WOL,0,2.2526,0,3.26878,3.26878,2.1211599999999997,21.733333333333334,10,3,0.5816,1,1.9054,1.14762,-2.1211599999999997,8.142857142857142,25,Bundesliga,25/26
3,2025,30514,2026-05-10 15:30:00,134,280,FC Cologne,FC Heidenheim,HEI,COL,0,0.9825999999999999,1,1.51486,1.51486,-0.53003,8.125,12,3,1.7722000000000002,3,2.04489,2.04489,0.53003,30.3,6,Bundesliga,25/26
3,2025,30515,2026-05-10 13:30:00,118,135,Hamburger SV,Freiburg,FRE,HAM,3,2.4757,3,2.02228,2.02228,1.438675,9.264705882352942,8,0,0.34840000000000004,2,0.583605,0.583605,-1.438675,19.76923076923077,2,Bundesliga,25/26
3,2025,30517,2026-05-10 17:30:00,125,240,Mainz 05,Union Berlin,UNI,MAI,0,0.8922,1,2.09983,2.09983,-0.84172,13.6,13,3,1.9083,3,2.94155,2.94155,0.84172,15.933333333333334,4,Bundesliga,25/26
3,2025,30521,2026-05-16 13:30:00,119,118,Bayer Leverkusen,Hamburger SV,HAM,LEV,1,2.2596000000000003,1,3.08571,2.32793,0.6974399999999998,10.863636363636363,22,1,0.5745,1,1.63049,1.63049,-0.6974399999999998,33.25,7,Bundesliga,25/26
3,2025,30522,2026-05-16 13:30:00,117,134,Bayern Munich,FC Cologne,COL,BAY,3,2.5745999999999998,5,2.81515,2.81515,1.9349470000000002,7.64,18,0,0.2949,1,0.880203,0.880203,-1.9349470000000002,29.666666666666668,5,Bundesliga,25/26
3,2025,30523,2026-05-16 13:30:00,130,120,Borussia M.Gladbach,Hoffenheim,HOF,BMG,3,0.6293,4,0.845598,0.845598,-0.9272620000000001,15.055555555555555,2,0,2.1389000000000005,0,1.77286,1.77286,0.9272620000000001,10.173913043478262,5,Bundesliga,25/26
3,2025,30524,2026-05-16 13:30:00,132,133,Eintracht Frankfurt,VfB Stuttgart,STU,EIN,1,2.2186,2,2.99231,1.47675,-0.33338,13.923076923076923,5,1,0.5902000000000001,2,1.81013,1.81013,0.33338,11.227272727272727,12,Bundesliga,25/26
3,2025,30526,2026-05-16 13:30:00,280,125,FC Heidenheim,Mainz 05,MAI,HEI,0,0.8765000000000001,0,3.03813,3.03813,-0.8702099999999997,11.117647058823529,5,3,1.9295,2,3.90834,3.90834,0.8702099999999997,14.411764705882353,6,Bundesliga,25/26
3,2025,30525,2026-05-16 13:30:00,135,136,Freiburg,RasenBallsport Leipzig,RBL,FRE,3,2.1231,4,2.54392,2.54392,1.03051,10.233333333333333,10,0,0.678,1,1.51341,1.51341,-1.03051,7.793103448275862,12,Bundesliga,25/26
3,2025,30527,2026-05-16 13:30:00,288,131,St. Pauli,Wolfsburg,WOL,SPA,0,0.3218,1,1.98722,1.98722,-1.3198999999999999,15.823529411764707,4,3,2.5597999999999996,3,4.0649,3.30712,1.3198999999999999,8.7,5,Bundesliga,25/26
3,2025,30528,2026-05-16 13:30:00,240,121,Union Berlin,Augsburg,AUG,UNI,3,2.714,4,2.45125,2.45125,1.945069,25.0,5,0,0.188,0,0.506181,0.506181,-1.945069,12.458333333333334,9,Bundesliga,25/26
3,2025,30529,2026-05-16 13:30:00,123,129,Werder Bremen,Borussia Dortmund,DOR,WER,0,0.08990000000000001,0,0.530615,0.530615,-2.843515,17.705882352941178,7,3,2.8631,2,3.37413,3.37413,2.843515,22.6,7,Bundesliga,25/26
