league_id,season_id,game_id,date,home_team_id,away_team_id,home_team,away_team,away_team_code,home_team_code,away_points,away_expected_points,away_goals,away_xg,away_np_xg,away_np_xg_difference,away_ppda,away_deep_completions,home_points,home_expected_points,home_goals,home_xg,home_np_xg,home_np_xg_difference,home_ppda,home_deep_completions,league,season
2,2025,29846,2025-08-23 18:45:00,111,272,AC Milan,Cremonese,CRE,MIL,3,0.2555,2,0.363576,0.363576,-1.7214039999999997,17.4,0,0,2.6003000000000003,1,2.08498,2.08498,1.7214039999999997,13.647058823529411,19,Serie_A,25/26
2,2025,29844,2025-08-23 16:30:00,101,243,Genoa,Lecce,LEC,GEN,1,1.2407,0,0.55094,0.55094,-0.01468999999999998,8.058823529411764,4,1,1.3175,0,0.56563,0.56563,0.01468999999999998,5.434782608695652,3,Serie_A,25/26
2,2025,29847,2025-08-23 18:45:00,95,97,Roma,Bologna,BOL,ROM,0,0.5099,0,0.443508,0.443508,-1.033402,12.2,0,3,2.2535000000000003,1,1.47691,1.47691,1.033402,7.96875,5,Serie_A,25/26
2,2025,29845,2025-08-23 16:30:00,104,105,Sassuolo,Napoli,NAP,SAS,3,2.5018000000000002,2,1.55456,1.55456,1.2560829999999998,7.642857142857143,4,0,0.3127,0,0.298477,0.298477,-1.2560829999999998,15.407407407407407,2,Serie_A,25/26
2,2025,29850,2025-08-24 18:45:00,107,291,Atalanta,Pisa,PIS,ATA,1,0.6422,1,1.02901,1.02901,-1.01796,11.296296296296296,4,1,2.1319999999999997,1,2.04697,2.04697,1.01796,14.181818181818182,13,Serie_A,25/26
2,2025,29848,2025-08-24 16:30:00,116,110,Cagliari,Fiorentina,FIO,CAG,1,1.0569,1,1.14261,1.14261,-0.37475000000000014,9.636363636363637,3,1,1.6262999999999999,1,1.51736,1.51736,0.37475000000000014,11.708333333333334,6,Serie_A,25/26
2,2025,29849,2025-08-24 16:30:00,286,96,Como,Lazio,LAZ,COM,0,0.4194,0,0.202984,0.202984,-1.081796,13.038461538461538,2,3,2.3154000000000003,2,1.28478,1.28478,1.081796,5.771428571428571,5,Serie_A,25/26
2,2025,29851,2025-08-24 18:45:00,98,230,Juventus,Parma Calcio 1913,PAR,JUV,0,0.24109999999999998,0,0.815567,0.815567,-1.926453,11.0,3,3,2.6380999999999997,2,2.74202,2.74202,1.926453,7.380952380952381,11,Serie_A,25/26
2,2025,29853,2025-08-25 18:45:00,106,113,Inter,Torino,TOR,INT,0,0.3415,0,0.816232,0.816232,-1.7933280000000003,41.9,3,3,2.5177,5,2.60956,2.60956,1.7933280000000003,8.161290322580646,15,Serie_A,25/26
2,2025,29852,2025-08-25 16:30:00,99,94,Udinese,Verona,VER,UDI,1,1.076,1,0.799203,0.799203,-0.2513770000000001,19.0,1,1,1.5413,1,1.05058,1.05058,0.2513770000000001,7.714285714285714,6,Serie_A,25/26
2,2025,29854,2025-08-29 16:30:00,272,104,Cremonese,Sassuolo,SAS,CRE,0,0.1365,2,1.32978,0.568485,-2.1997050000000002,9.7,6,3,2.7855,3,3.52949,2.76819,2.1997050000000002,13.818181818181818,2,Serie_A,25/26
2,2025,29855,2025-08-29 18:45:00,243,111,Lecce,AC Milan,MIL,LEC,3,2.5508,2,2.13175,2.13175,1.6500569999999999,21.4,11,0,0.3023,0,0.481693,0.481693,-1.6500569999999999,21.785714285714285,7,Serie_A,25/26
2,2025,29856,2025-08-30 16:30:00,97,286,Bologna,Como,COM,BOL,0,0.535,0,0.521585,0.521585,-0.9942550000000001,4.642857142857143,7,3,2.2273,1,1.51584,1.51584,0.9942550000000001,13.173913043478262,3,Serie_A,25/26
2,2025,29859,2025-08-30 18:45:00,105,116,Napoli,Cagliari,CAG,NAP,0,0.5751,0,0.64413,0.64413,-1.08745,32.0,0,3,2.1959999999999997,1,1.73158,1.73158,1.08745,9.238095238095237,8,Serie_A,25/26
2,2025,29857,2025-08-30 16:30:00,230,107,Parma Calcio 1913,Atalanta,ATA,PAR,1,1.7005,1,1.19727,1.19727,0.44615800000000005,10.294117647058824,13,1,0.9360999999999999,1,0.751112,0.751112,-0.44615800000000005,9.76,3,Serie_A,25/26
2,2025,29858,2025-08-30 18:45:00,291,95,Pisa,Roma,ROM,PIS,3,1.5916,1,0.953921,0.953921,0.29122100000000006,4.586206896551724,12,0,1.0417,0,0.6627,0.6627,-0.29122100000000006,24.666666666666668,3,Serie_A,25/26
2,2025,29860,2025-08-31 16:30:00,101,98,Genoa,Juventus,JUV,GEN,3,2.2237999999999998,1,1.55128,1.55128,0.958267,5.735294117647059,2,0,0.5363,0,0.593013,0.593013,-0.958267,9.962962962962964,2,Serie_A,25/26
2,2025,29862,2025-08-31 18:45:00,106,99,Inter,Udinese,UDI,INT,3,0.8886000000000001,2,1.20014,0.438844,-1.232876,20.333333333333332,4,0,1.7571,1,1.67172,1.67172,1.232876,6.611111111111111,8,Serie_A,25/26
2,2025,29863,2025-08-31 18:45:00,96,94,Lazio,Verona,VER,LAZ,0,0.0579,0,0.600485,0.600485,-3.365965,23.157894736842106,6,3,2.9103,4,3.96645,3.96645,3.365965,7.538461538461538,13,Serie_A,25/26
2,2025,29861,2025-08-31 16:30:00,113,110,Torino,Fiorentina,FIO,TOR,1,1.4423,0,1.18859,1.18859,0.1384700000000001,8.823529411764707,2,1,1.2317,0,1.05012,1.05012,-0.1384700000000001,12.157894736842104,7,Serie_A,25/26
2,2025,29864,2025-09-13 13:00:00,116,230,Cagliari,Parma Calcio 1913,PAR,CAG,0,1.4576,0,1.95549,1.95549,0.18603999999999998,7.081081081081081,7,3,1.2785,2,1.76945,1.76945,-0.18603999999999998,9.619047619047619,4,Serie_A,25/26
2,2025,29866,2025-09-13 18:45:00,110,105,Fiorentina,Napoli,NAP,FIO,3,2.6682,3,3.55376,2.79247,1.4014899999999997,12.130434782608695,8,0,0.2418,1,1.39098,1.39098,-1.4014899999999997,9.92,6,Serie_A,25/26
2,2025,29865,2025-09-13 16:00:00,98,106,Juventus,Inter,INT,JUV,0,1.5676,3,1.01628,1.01628,0.24733700000000003,10.7,10,3,1.0951,4,0.768943,0.768943,-0.24733700000000003,11.368421052631579,4,Serie_A,25/26
2,2025,29871,2025-09-14 18:45:00,111,97,AC Milan,Bologna,BOL,MIL,0,0.4512,0,0.198634,0.198634,-0.9567460000000001,10.31578947368421,2,3,2.2569,1,1.15538,1.15538,0.9567460000000001,16.38095238095238,7,Serie_A,25/26
2,2025,29869,2025-09-14 13:00:00,107,243,Atalanta,Lecce,LEC,ATA,0,0.2049,1,0.532382,0.532382,-2.091768,18.266666666666666,4,3,2.6961000000000004,4,2.62415,2.62415,2.091768,7.75,12,Serie_A,25/26
2,2025,29868,2025-09-14 13:00:00,291,99,Pisa,Udinese,UDI,PIS,3,1.7053,1,1.72902,1.72902,0.45314999999999994,11.25,6,0,1.0306,0,1.27587,1.27587,-0.45314999999999994,10.631578947368421,4,Serie_A,25/26
2,2025,29867,2025-09-14 10:30:00,95,113,Roma,Torino,TOR,ROM,3,1.17,1,0.805089,0.805089,-0.224341,22.214285714285715,2,0,1.5002999999999997,0,1.02943,1.02943,0.224341,5.368421052631579,6,Serie_A,25/26
2,2025,29870,2025-09-14 16:00:00,104,96,Sassuolo,Lazio,LAZ,SAS,0,0.9591000000000001,0,0.858246,0.858246,-0.35735400000000006,13.476190476190476,5,3,1.7244,1,1.2156,1.2156,0.35735400000000006,17.842105263157894,5,Serie_A,25/26
2,2025,29873,2025-09-15 18:45:00,286,101,Como,Genoa,GEN,COM,1,2.1372,1,2.54288,2.54288,0.9782099999999998,7.891891891891892,6,1,0.6414000000000001,1,1.56467,1.56467,-0.9782099999999998,8.172413793103448,4,Serie_A,25/26
2,2025,29872,2025-09-15 16:30:00,94,272,Verona,Cremonese,CRE,VER,1,0.19390000000000002,0,0.166346,0.166346,-1.7219540000000002,20.727272727272727,1,1,2.6719,0,1.8883,1.8883,1.7219540000000002,11.785714285714286,3,Serie_A,25/26
2,2025,29882,2025-09-19 18:45:00,243,116,Lecce,Cagliari,CAG,LEC,3,2.2102,2,2.21034,1.44904,0.3090600000000001,8.88,10,0,0.5752,1,1.13998,1.13998,-0.3090600000000001,10.090909090909092,4,Serie_A,25/26
2,2025,29877,2025-09-20 13:00:00,97,101,Bologna,Genoa,GEN,BOL,0,0.5695,1,0.794732,0.794732,-0.23182799999999992,10.5,2,3,2.2069,2,1.78786,1.02656,0.23182799999999992,7.0,4,Serie_A,25/26
2,2025,29875,2025-09-20 18:45:00,99,111,Udinese,AC Milan,MIL,UDI,3,2.493,3,1.70251,1.70251,1.404146,15.307692307692308,10,0,0.3222,0,0.298364,0.298364,-1.404146,18.863636363636363,5,Serie_A,25/26
2,2025,29876,2025-09-20 16:00:00,94,98,Verona,Juventus,JUV,VER,1,0.3851,1,0.470357,0.470357,-0.427195,5.466666666666667,7,1,2.4185000000000003,1,1.65885,0.897552,0.427195,15.55,4,Serie_A,25/26
2,2025,29878,2025-09-21 13:00:00,272,230,Cremonese,Parma Calcio 1913,PAR,CRE,1,2.0266,0,0.902031,0.902031,0.7294700000000001,11.80952380952381,4,1,0.5848,0,0.172561,0.172561,-0.7294700000000001,15.285714285714286,2,Serie_A,25/26
2,2025,29879,2025-09-21 16:00:00,110,286,Fiorentina,Como,COM,FIO,3,2.5574,2,2.09507,2.09507,1.6701660000000003,5.633333333333334,7,0,0.2915,1,0.424904,0.424904,-1.6701660000000003,9.290322580645162,1,Serie_A,25/26
2,2025,29880,2025-09-21 18:45:00,106,104,Inter,Sassuolo,SAS,INT,0,0.222,1,0.850824,0.850824,-2.2710359999999996,16.533333333333335,2,3,2.6751,2,3.12186,3.12186,2.2710359999999996,7.653846153846154,18,Serie_A,25/26
2,2025,29881,2025-09-21 10:30:00,96,95,Lazio,Roma,ROM,LAZ,3,1.839,1,1.22639,1.22639,0.5594230000000001,6.138888888888889,8,0,0.8502000000000001,0,0.666967,0.666967,-0.5594230000000001,10.777777777777779,3,Serie_A,25/26
2,2025,29874,2025-09-21 13:00:00,113,107,Torino,Atalanta,ATA,TOR,3,1.6584999999999999,3,1.67723,1.67723,1.24145,12.842105263157896,8,0,1.0063,0,1.31336,0.43578,-1.24145,15.958333333333334,4,Serie_A,25/26
2,2025,29883,2025-09-22 18:45:00,105,291,Napoli,Pisa,PIS,NAP,0,2.3296,2,2.51985,1.75855,0.5724400000000001,14.44,2,3,0.5029,3,1.18611,1.18611,-0.5724400000000001,7.76,7,Serie_A,25/26
2,2025,29884,2025-09-27 18:45:00,116,106,Cagliari,Inter,INT,CAG,3,2.9311,2,3.95419,3.95419,3.479016,9.166666666666666,12,0,0.0427,0,0.475174,0.475174,-3.479016,10.6,1,Serie_A,25/26
2,2025,29885,2025-09-27 13:00:00,286,272,Como,Cremonese,CRE,COM,1,0.6134,1,0.564557,0.564557,-0.8757730000000001,17.176470588235293,2,1,2.1215,1,1.44033,1.44033,0.8757730000000001,6.884615384615385,3,Serie_A,25/26
2,2025,29887,2025-09-27 16:00:00,98,107,Juventus,Atalanta,ATA,JUV,1,0.6609,1,0.885278,0.885278,-0.9571419999999999,31.272727272727273,1,1,2.1081,1,1.84242,1.84242,0.9571419999999999,9.0,10,Serie_A,25/26
2,2025,29889,2025-09-28 18:45:00,111,105,AC Milan,Napoli,NAP,MIL,0,2.3693,1,2.23894,1.47764,0.5250650000000001,13.444444444444445,4,3,0.44480000000000003,2,0.952575,0.952575,-0.5250650000000001,21.285714285714285,4,Serie_A,25/26
2,2025,29888,2025-09-28 16:00:00,243,97,Lecce,Bologna,BOL,LEC,1,0.9776999999999999,2,1.5908,0.829502,-1.2606680000000001,4.916666666666667,8,1,1.7630999999999997,2,2.09017,2.09017,1.2606680000000001,13.695652173913043,6,Serie_A,25/26
2,2025,29891,2025-09-28 13:00:00,291,110,Pisa,Fiorentina,FIO,PIS,1,1.5492,0,0.840093,0.840093,0.259622,4.071428571428571,4,1,1.0752,0,0.580471,0.580471,-0.259622,8.714285714285714,4,Serie_A,25/26
2,2025,29892,2025-09-28 13:00:00,95,94,Roma,Verona,VER,ROM,0,1.373,0,1.35351,1.35351,0.048089999999999966,8.407407407407407,1,3,1.3046000000000002,2,1.30542,1.30542,-0.048089999999999966,7.368421052631579,5,Serie_A,25/26
2,2025,29893,2025-09-28 10:30:00,104,99,Sassuolo,Udinese,UDI,SAS,0,0.5539000000000001,1,1.19344,1.19344,-1.11988,5.466666666666667,2,3,2.2354000000000003,3,2.31332,2.31332,1.11988,20.083333333333332,5,Serie_A,25/26
2,2025,29886,2025-09-29 18:45:00,101,96,Genoa,Lazio,LAZ,GEN,3,2.6393,3,3.54059,3.54059,2.064,15.75,4,0,0.2567,0,1.47659,1.47659,-2.064,5.62962962962963,3,Serie_A,25/26
2,2025,29890,2025-09-29 16:30:00,230,113,Parma Calcio 1913,Torino,TOR,PAR,0,0.6448,1,0.660829,0.660829,-0.022492999999999985,9.0,6,3,2.0935,2,1.44462,0.683322,0.022492999999999985,14.764705882352942,1,Serie_A,25/26
2,2025,29903,2025-10-03 18:45:00,94,104,Verona,Sassuolo,SAS,VER,3,2.0519,1,1.5058,0.561962,-0.249019,11.2,2,0,0.6812,0,0.810981,0.810981,0.249019,8.043478260869565,8,Serie_A,25/26
2,2025,29894,2025-10-04 18:45:00,107,286,Atalanta,Como,COM,ATA,1,0.7381,1,0.959121,0.959121,-0.782569,12.041666666666666,4,1,1.9987,1,1.74169,1.74169,0.782569,9.806451612903226,13,Serie_A,25/26
2,2025,29897,2025-10-04 16:00:00,106,272,Inter,Cremonese,CRE,INT,0,0.023799999999999998,1,0.619599,0.619599,-4.032711,26.416666666666668,3,3,2.9604999999999997,4,4.65231,4.65231,4.032711,7.08,18,Serie_A,25/26
2,2025,29899,2025-10-04 13:00:00,96,113,Lazio,Torino,TOR,LAZ,1,1.923,3,2.18108,2.18108,1.4916300000000002,7.0,9,1,0.8232,3,1.45075,0.68945,-1.4916300000000002,10.875,3,Serie_A,25/26
2,2025,29901,2025-10-04 13:00:00,230,243,Parma Calcio 1913,Lecce,LEC,PAR,3,0.9052,1,0.622459,0.622459,-0.46650099999999994,17.933333333333334,3,0,1.7644,0,1.08896,1.08896,0.46650099999999994,7.25,5,Serie_A,25/26
2,2025,29895,2025-10-05 13:00:00,97,291,Bologna,Pisa,PIS,BOL,0,0.010799999999999999,0,0.0265067,0.0265067,-3.6727733,13.045454545454545,1,3,2.9799,4,3.69928,3.69928,3.6727733,4.666666666666667,14,Serie_A,25/26
2,2025,29896,2025-10-05 13:00:00,110,95,Fiorentina,Roma,ROM,FIO,3,1.4862,2,1.22512,1.22512,0.10793000000000008,7.290322580645161,8,0,1.1895,1,1.11719,1.11719,-0.10793000000000008,13.047619047619047,2,Serie_A,25/26
2,2025,29898,2025-10-05 18:45:00,98,111,Juventus,AC Milan,MIL,JUV,1,2.2260999999999997,0,1.55707,0.795771,0.22517600000000004,22.076923076923077,3,1,0.5392,0,0.570595,0.570595,-0.22517600000000004,21.428571428571427,6,Serie_A,25/26
2,2025,29900,2025-10-05 16:00:00,105,101,Napoli,Genoa,GEN,NAP,0,0.4545,1,0.691583,0.691583,-1.187567,13.791666666666666,2,3,2.3226,2,1.87915,1.87915,1.187567,6.095238095238095,6,Serie_A,25/26
2,2025,29902,2025-10-05 10:30:00,99,116,Udinese,Cagliari,CAG,UDI,1,0.2002,1,0.789093,0.789093,-2.196357,13.5,2,1,2.7058,1,2.98545,2.98545,2.196357,7.523809523809524,9,Serie_A,25/26
2,2025,29910,2025-10-18 13:00:00,243,104,Lecce,Sassuolo,SAS,LEC,1,1.4499999999999997,0,0.77146,0.77146,0.10148000000000001,10.428571428571429,2,1,1.1698,0,0.66998,0.66998,-0.10148000000000001,11.095238095238095,3,Serie_A,25/26
2,2025,29912,2025-10-18 13:00:00,291,94,Pisa,Verona,VER,PIS,1,2.2532,0,1.65491,1.65491,1.0829010000000001,10.535714285714286,9,1,0.5225,0,0.572009,0.572009,-1.0829010000000001,10.076923076923077,5,Serie_A,25/26
2,2025,29913,2025-10-18 18:45:00,95,106,Roma,Inter,INT,ROM,3,0.5725,1,0.96386,0.96386,-1.18994,8.742857142857142,5,0,2.2299999999999995,0,2.1538,2.1538,1.18994,8.791666666666666,4,Serie_A,25/26
2,2025,29906,2025-10-18 16:00:00,113,105,Torino,Napoli,NAP,TOR,0,1.1518,0,1.71911,1.71911,-0.1890400000000001,8.882352941176471,9,3,1.5664000000000002,1,1.90815,1.90815,0.1890400000000001,25.384615384615383,2,Serie_A,25/26
2,2025,29911,2025-10-19 18:45:00,111,110,AC Milan,Fiorentina,FIO,MIL,0,0.4671,1,0.965997,0.965997,-0.2912330000000001,16.625,3,3,2.2794,2,2.01853,1.25723,0.2912330000000001,10.55,3,Serie_A,25/26
2,2025,29904,2025-10-19 16:00:00,107,96,Atalanta,Lazio,LAZ,ATA,1,0.0752,0,0.220276,0.220276,-2.1606739999999998,20.0,0,1,2.8697,0,2.38095,2.38095,2.1606739999999998,11.772727272727273,10,Serie_A,25/26
2,2025,29905,2025-10-19 13:00:00,116,97,Cagliari,Bologna,BOL,CAG,3,2.1498,2,1.15836,1.15836,0.7905850000000001,5.9375,3,0,0.5574,0,0.367775,0.367775,-0.7905850000000001,14.789473684210526,3,Serie_A,25/26
2,2025,29907,2025-10-19 10:30:00,286,98,Como,Juventus,JUV,COM,0,0.7819,0,0.964723,0.964723,-0.7231270000000001,6.7,7,3,1.9761999999999997,2,1.68785,1.68785,0.7231270000000001,8.529411764705882,5,Serie_A,25/26
2,2025,29909,2025-10-19 13:00:00,101,230,Genoa,Parma Calcio 1913,PAR,GEN,1,0.0594,0,0.0544873,0.0544873,-1.4011327,14.0,0,1,2.8872,0,2.21692,1.45562,1.4011327,5.857142857142857,6,Serie_A,25/26
2,2025,29908,2025-10-20 18:45:00,272,99,Cremonese,Udinese,UDI,CRE,1,1.0841,1,0.962572,0.962572,-0.2661880000000001,9.227272727272727,7,1,1.6079,1,1.22876,1.22876,0.2661880000000001,7.782608695652174,1,Serie_A,25/26
2,2025,29919,2025-10-24 18:45:00,111,291,AC Milan,Pisa,PIS,MIL,1,0.7895000000000001,2,1.22514,0.463839,-1.5084810000000002,13.583333333333334,4,1,1.9439000000000002,2,1.97232,1.97232,1.5084810000000002,10.625,15,Serie_A,25/26
2,2025,29916,2025-10-25 18:45:00,272,107,Cremonese,Atalanta,ATA,CRE,1,1.8684,1,1.62371,1.62371,0.656564,9.071428571428571,11,1,0.8469,1,0.967146,0.967146,-0.656564,23.833333333333332,3,Serie_A,25/26
2,2025,29920,2025-10-25 16:00:00,105,106,Napoli,Inter,INT,NAP,0,2.09,1,2.07077,1.30947,0.8845049999999999,18.636363636363637,7,3,0.656,3,1.18626,0.424965,-0.8845049999999999,22.785714285714285,9,Serie_A,25/26
2,2025,29921,2025-10-25 13:00:00,230,286,Parma Calcio 1913,Como,COM,PAR,1,0.4004,0,0.387121,0.387121,-1.179389,4.111111111111111,3,1,2.3872999999999998,0,1.56651,1.56651,1.179389,16.956521739130434,4,Serie_A,25/26
2,2025,29914,2025-10-25 13:00:00,99,243,Udinese,Lecce,LEC,UDI,0,0.4149,2,0.373551,0.373551,-1.142209,5.9375,0,3,2.3688,3,1.51576,1.51576,1.142209,9.037037037037036,7,Serie_A,25/26
2,2025,29917,2025-10-26 16:00:00,110,97,Fiorentina,Bologna,BOL,FIO,1,0.0538,2,0.883347,0.883347,-1.473103,9.05,6,1,2.9146,2,3.87905,2.35645,1.473103,10.11111111111111,3,Serie_A,25/26
2,2025,29918,2025-10-26 18:45:00,96,98,Lazio,Juventus,JUV,LAZ,0,1.6278000000000001,0,1.24614,1.24614,0.34083600000000003,7.214285714285714,7,3,1.0644,1,0.905304,0.905304,-0.34083600000000003,27.09090909090909,2,Serie_A,25/26
2,2025,29922,2025-10-26 13:00:00,104,95,Sassuolo,Roma,ROM,SAS,3,2.2989,1,2.25968,2.25968,1.310327,9.722222222222221,9,0,0.519,0,0.949353,0.949353,-1.310327,12.045454545454545,9,Serie_A,25/26
2,2025,29923,2025-10-26 10:30:00,113,101,Torino,Genoa,GEN,TOR,0,1.4917,1,1.9796,1.9796,0.15999999999999992,21.5,7,3,1.2526,2,1.8196,1.8196,-0.15999999999999992,7.7727272727272725,6,Serie_A,25/26
2,2025,29915,2025-10-26 13:00:00,94,116,Verona,Cagliari,CAG,VER,1,0.4568,2,0.837271,0.837271,-1.199599,7.523809523809524,2,1,2.3492,2,2.03687,2.03687,1.199599,15.791666666666666,2,Serie_A,25/26
2,2025,29924,2025-10-28 18:45:00,107,111,Atalanta,AC Milan,MIL,ATA,1,0.7927,1,0.626418,0.626418,-0.6552520000000001,19.5,4,1,1.8921999999999997,1,1.28167,1.28167,0.6552520000000001,13.31578947368421,6,Serie_A,25/26
2,2025,29931,2025-10-28 16:30:00,243,105,Lecce,Napoli,NAP,LEC,3,1.1777,1,0.92446,0.92446,0.656466,7.62962962962963,7,0,1.4752999999999998,0,1.02929,0.267994,-0.656466,11.964285714285714,1,Serie_A,25/26
2,2025,29925,2025-10-29 18:45:00,97,113,Bologna,Torino,TOR,BOL,1,1.8261,0,0.797473,0.797473,0.465273,20.42105263157895,4,1,0.7806,0,0.3322,0.3322,-0.465273,7.529411764705882,6,Serie_A,25/26
2,2025,29927,2025-10-29 16:30:00,286,94,Como,Verona,VER,COM,0,1.3476,1,1.69938,1.69938,-0.04341000000000017,12.222222222222221,7,3,1.3956,3,1.74279,1.74279,0.04341000000000017,4.681818181818182,4,Serie_A,25/26
2,2025,29928,2025-10-29 18:45:00,101,272,Genoa,Cremonese,CRE,GEN,3,1.5312000000000001,2,1.57974,1.57974,0.23063999999999996,7.3076923076923075,3,0,1.1775,0,1.3491,1.3491,-0.23063999999999996,4.4375,6,Serie_A,25/26
2,2025,29929,2025-10-29 18:45:00,106,110,Inter,Fiorentina,FIO,INT,0,0.2245,0,0.741937,0.741937,-1.3692929999999999,13.478260869565217,3,3,2.6692,3,2.87253,2.11123,1.3692929999999999,9.0,10,Serie_A,25/26
2,2025,29930,2025-10-29 16:30:00,98,99,Juventus,Udinese,UDI,JUV,0,0.0944,1,0.604108,0.604108,-1.1797019999999998,20.307692307692307,1,3,2.8508000000000004,3,3.30641,1.78381,1.1797019999999998,9.409090909090908,7,Serie_A,25/26
2,2025,29933,2025-10-29 16:30:00,95,230,Roma,Parma Calcio 1913,PAR,ROM,0,1.4102999999999999,1,1.17796,1.17796,0.021109999999999962,19.4,4,3,1.2966000000000002,2,1.15685,1.15685,-0.021109999999999962,8.192307692307692,8,Serie_A,25/26
2,2025,29926,2025-10-30 16:30:00,116,104,Cagliari,Sassuolo,SAS,CAG,3,1.4021,2,0.937652,0.937652,0.09243299999999999,12.117647058823529,8,0,1.2446,1,0.845219,0.845219,-0.09243299999999999,12.941176470588236,3,Serie_A,25/26
2,2025,29932,2025-10-30 18:45:00,291,96,Pisa,Lazio,LAZ,PIS,1,1.1953,0,0.657914,0.657914,-0.12227100000000002,11.25,3,1,1.4263000000000001,0,0.780185,0.780185,0.12227100000000002,12.366666666666667,3,Serie_A,25/26
2,2025,29934,2025-11-01 19:45:00,272,98,Cremonese,Juventus,JUV,CRE,3,2.6799,2,2.61402,2.61402,2.002628,21.133333333333333,9,0,0.2061,1,0.611392,0.611392,-2.002628,11.857142857142858,3,Serie_A,25/26
2,2025,29938,2025-11-01 17:00:00,105,286,Napoli,Como,COM,NAP,1,1.7828,0,1.17012,0.401891,-0.36042300000000005,8.25,3,1,0.8885,0,0.762314,0.762314,0.36042300000000005,10.615384615384615,6,Serie_A,25/26
2,2025,29942,2025-11-01 14:00:00,99,107,Udinese,Atalanta,ATA,UDI,0,0.8022,0,0.270197,0.270197,-0.437141,11.1875,5,3,1.7619,1,0.707338,0.707338,0.437141,11.566666666666666,3,Serie_A,25/26
2,2025,29937,2025-11-02 19:45:00,111,95,AC Milan,Roma,ROM,MIL,0,0.36860000000000004,0,1.95443,1.19313,-2.57106,9.4,9,3,2.5067,1,3.76419,3.76419,2.57106,33.125,8,Serie_A,25/26
2,2025,29935,2025-11-02 14:00:00,110,243,Fiorentina,Lecce,LEC,FIO,3,1.3508,1,1.3239,1.3239,-0.06606999999999985,11.12,0,0,1.361,0,1.38997,1.38997,0.06606999999999985,7.411764705882353,9,Serie_A,25/26
2,2025,29939,2025-11-02 17:00:00,230,97,Parma Calcio 1913,Bologna,BOL,PAR,3,2.8676999999999997,3,3.51745,3.51745,2.895117,7.2,8,0,0.084,1,0.622333,0.622333,-2.895117,8.772727272727273,3,Serie_A,25/26
2,2025,29941,2025-11-02 14:00:00,113,291,Torino,Pisa,PIS,TOR,1,1.9794,2,1.90329,1.14199,-0.08189000000000002,21.285714285714285,7,1,0.7653000000000001,2,1.22388,1.22388,0.08189000000000002,9.352941176470589,8,Serie_A,25/26
2,2025,29943,2025-11-02 11:30:00,94,106,Verona,Inter,INT,VER,3,2.0508,2,1.15025,1.15025,0.7776080000000001,9.23076923076923,12,0,0.6393,1,0.372642,0.372642,-0.7776080000000001,20.0,3,Serie_A,25/26
2,2025,29936,2025-11-03 19:45:00,96,116,Lazio,Cagliari,CAG,LAZ,0,2.1325000000000003,0,1.48457,1.48457,0.896886,12.045454545454545,5,3,0.6181,2,0.587684,0.587684,-0.896886,20.285714285714285,0,Serie_A,25/26
2,2025,29940,2025-11-03 17:30:00,104,101,Sassuolo,Genoa,GEN,SAS,3,1.7583,2,1.83271,1.83271,0.5163,15.9,3,0,0.9843,1,1.31641,1.31641,-0.5163,9.210526315789474,6,Serie_A,25/26
2,2025,29952,2025-11-07 19:45:00,291,272,Pisa,Cremonese,CRE,PIS,0,1.1689,0,1.23118,1.23118,-0.21991000000000005,6.6923076923076925,8,3,1.5475,1,1.45109,1.45109,0.21991000000000005,12.727272727272727,6,Serie_A,25/26
2,2025,29946,2025-11-08 14:00:00,286,116,Como,Cagliari,CAG,COM,1,0.8191,0,0.615264,0.615264,-0.43443600000000004,27.642857142857142,2,1,1.828,0,1.0497,1.0497,0.43443600000000004,3.1944444444444446,5,Serie_A,25/26
2,2025,29949,2025-11-08 17:00:00,98,113,Juventus,Torino,TOR,JUV,1,0.3268,0,0.405589,0.405589,-1.531481,42.8,2,1,2.5071999999999997,0,1.93707,1.93707,1.531481,6.071428571428571,4,Serie_A,25/26
2,2025,29950,2025-11-08 14:00:00,243,94,Lecce,Verona,VER,LEC,1,1.4964000000000002,0,0.691863,0.691863,0.136818,6.892857142857143,5,1,1.1031,0,0.555045,0.555045,-0.136818,5.409090909090909,3,Serie_A,25/26
2,2025,29951,2025-11-08 19:45:00,230,111,Parma Calcio 1913,AC Milan,MIL,PAR,1,1.8427000000000002,2,2.05467,1.29337,-0.15675000000000017,17.866666666666667,12,1,0.9016,2,1.45012,1.45012,0.15675000000000017,19.733333333333334,5,Serie_A,25/26
2,2025,29944,2025-11-09 11:30:00,107,104,Atalanta,Sassuolo,SAS,ATA,3,2.5232,3,2.20132,1.44002,0.7321610000000001,20.210526315789473,4,0,0.3305,0,0.707859,0.707859,-0.7321610000000001,9.285714285714286,8,Serie_A,25/26
2,2025,29945,2025-11-09 14:00:00,97,105,Bologna,Napoli,NAP,BOL,0,0.2444,0,0.19503,0.19503,-1.4498499999999999,10.222222222222221,5,3,2.5906999999999996,2,1.64488,1.64488,1.4498499999999999,16.0,2,Serie_A,25/26
2,2025,29947,2025-11-09 14:00:00,101,110,Genoa,Fiorentina,FIO,GEN,1,1.1326,2,1.33019,0.568896,-0.258648,11.142857142857142,4,1,1.5367,2,1.58884,0.827544,0.258648,9.172413793103448,2,Serie_A,25/26
2,2025,29948,2025-11-09 19:45:00,106,96,Inter,Lazio,LAZ,INT,0,0.4219,0,0.54928,0.54928,-1.19037,18.68421052631579,3,3,2.3755,2,1.73965,1.73965,1.19037,7.25,9,Serie_A,25/26
2,2025,29953,2025-11-09 17:00:00,95,99,Roma,Udinese,UDI,ROM,0,0.7035,0,0.928685,0.928685,-0.06729399999999996,10.458333333333334,5,3,2.0496,2,1.75728,0.995979,0.06729399999999996,8.96,8,Serie_A,25/26
2,2025,29955,2025-11-22 14:00:00,116,101,Cagliari,Genoa,GEN,CAG,1,1.5726999999999998,3,1.61562,1.61562,0.24233000000000016,7.4,3,1,1.1463999999999999,3,1.37329,1.37329,-0.24233000000000016,7.821428571428571,3,Serie_A,25/26
2,2025,29957,2025-11-22 17:00:00,110,98,Fiorentina,Juventus,JUV,FIO,1,2.1427,1,1.65053,1.65053,0.991222,11.210526315789474,7,1,0.6211,1,0.659308,0.659308,-0.991222,21.071428571428573,3,Serie_A,25/26
2,2025,29960,2025-11-22 19:45:00,105,107,Napoli,Atalanta,ATA,NAP,0,0.48119999999999996,1,0.825775,0.825775,-1.2018749999999998,14.052631578947368,7,3,2.3277,3,2.02765,2.02765,1.2018749999999998,17.470588235294116,3,Serie_A,25/26
2,2025,29963,2025-11-22 14:00:00,99,97,Udinese,Bologna,BOL,UDI,3,2.0889,3,2.88287,2.12157,0.23399000000000014,6.04,3,0,0.7008000000000001,0,1.88758,1.88758,-0.23399000000000014,5.6875,9,Serie_A,25/26
2,2025,29956,2025-11-23 14:00:00,272,95,Cremonese,Roma,ROM,CRE,3,1.7216999999999998,3,1.73178,1.73178,0.4756100000000001,12.75,12,0,1.0073999999999999,1,1.25617,1.25617,-0.4756100000000001,9.863636363636363,6,Serie_A,25/26
2,2025,29958,2025-11-23 19:45:00,106,111,Inter,AC Milan,MIL,INT,3,0.5855,1,0.856085,0.856085,-0.12709100000000007,21.8,3,0,2.1335,0,1.74448,0.983176,0.12709100000000007,9.909090909090908,14,Serie_A,25/26
2,2025,29959,2025-11-23 17:00:00,96,243,Lazio,Lecce,LEC,LAZ,0,0.5979,0,0.544669,0.544669,-0.9502510000000001,23.8,2,3,2.1414,2,1.49492,1.49492,0.9502510000000001,10.35,10,Serie_A,25/26
2,2025,29954,2025-11-23 11:30:00,94,230,Verona,Parma Calcio 1913,PAR,VER,3,1.8248999999999997,2,1.51628,1.51628,0.5732590000000001,14.75,5,0,0.8787,1,0.943021,0.943021,-0.5732590000000001,4.944444444444445,6,Serie_A,25/26
2,2025,29961,2025-11-24 19:45:00,104,291,Sassuolo,Pisa,PIS,SAS,1,0.7575000000000001,2,1.38602,0.624718,-1.5887319999999998,13.38888888888889,2,1,2.0079,2,2.21345,2.21345,1.5887319999999998,9.736842105263158,15,Serie_A,25/26
2,2025,29962,2025-11-24 17:30:00,113,286,Torino,Como,COM,TOR,3,2.5558,5,3.37909,3.37909,2.710528,8.526315789473685,12,0,0.3154,1,1.42986,0.668562,-2.710528,15.434782608695652,4,Serie_A,25/26
2,2025,29966,2025-11-28 19:45:00,286,104,Como,Sassuolo,SAS,COM,0,0.9283000000000001,0,1.12902,1.12902,-0.60524,48.55555555555556,1,3,1.8223,2,1.73426,1.73426,0.60524,15.357142857142858,6,Serie_A,25/26
2,2025,29970,2025-11-29 19:45:00,111,96,AC Milan,Lazio,LAZ,MIL,0,0.8753,0,0.899621,0.899621,-0.581509,17.0,5,3,1.8413,1,1.48113,1.48113,0.581509,15.090909090909092,6,Serie_A,25/26
2,2025,29967,2025-11-29 14:00:00,101,94,Genoa,Verona,VER,GEN,0,2.1438,1,2.60658,2.60658,0.9576100000000001,9.518518518518519,4,3,0.6555,2,1.64897,1.64897,-0.9576100000000001,7.65,3,Serie_A,25/26
2,2025,29968,2025-11-29 17:00:00,98,116,Juventus,Cagliari,CAG,JUV,0,0.8472999999999999,1,0.891103,0.891103,-0.643197,18.842105263157894,2,3,1.8613,2,1.5343,1.5343,0.643197,10.129032258064516,10,Serie_A,25/26
2,2025,29971,2025-11-29 14:00:00,230,99,Parma Calcio 1913,Udinese,UDI,PAR,3,2.0421,2,1.87351,1.11222,0.07573000000000008,7.6,4,0,0.7122,0,1.03649,1.03649,-0.07573000000000008,17.416666666666668,3,Serie_A,25/26
2,2025,29964,2025-11-30 17:00:00,107,110,Atalanta,Fiorentina,FIO,ATA,0,1.2163,0,2.01961,2.01961,-0.27066999999999997,13.647058823529411,5,3,1.5427,2,2.29028,2.29028,0.27066999999999997,12.2,13,Serie_A,25/26
2,2025,29969,2025-11-30 11:30:00,243,113,Lecce,Torino,TOR,LEC,0,2.2569,1,2.0632,1.3019,0.3532940000000001,6.2,3,3,0.5316,2,0.948606,0.948606,-0.3532940000000001,10.052631578947368,7,Serie_A,25/26
2,2025,29972,2025-11-30 14:00:00,291,106,Pisa,Inter,INT,PIS,3,1.5413999999999999,2,2.04777,2.04777,0.24061999999999983,8.818181818181818,12,0,1.1711999999999998,0,1.80715,1.80715,-0.24061999999999983,25.2,7,Serie_A,25/26
2,2025,29973,2025-11-30 19:45:00,95,105,Roma,Napoli,NAP,ROM,3,2.0039,1,1.33114,1.33114,0.7193849999999999,18.294117647058822,2,0,0.7202,0,0.611755,0.611755,-0.7193849999999999,9.56,5,Serie_A,25/26
2,2025,29965,2025-12-01 19:45:00,97,272,Bologna,Cremonese,CRE,BOL,3,1.5702999999999998,3,2.33533,2.33533,0.9794999999999998,18.142857142857142,2,0,1.1889999999999998,1,2.11713,1.35583,-0.9794999999999998,4.103448275862069,9,Serie_A,25/26
2,2025,29976,2025-12-06 17:00:00,106,286,Inter,Como,COM,INT,0,0.4773,0,0.943403,0.943403,-1.322187,11.157894736842104,2,3,2.3352,4,2.26559,2.26559,1.322187,15.25,4,Serie_A,25/26
2,2025,29980,2025-12-06 14:00:00,104,110,Sassuolo,Fiorentina,FIO,SAS,0,0.9548000000000001,1,1.20662,0.445324,-1.195206,7.782608695652174,3,3,1.7138,3,1.64053,1.64053,1.195206,17.9375,8,Serie_A,25/26
2,2025,29983,2025-12-06 19:45:00,94,107,Verona,Atalanta,ATA,VER,0,1.5084,1,1.76527,1.00397,-0.5984700000000001,6.2631578947368425,10,3,1.2036,3,1.60244,1.60244,0.5984700000000001,11.555555555555555,9,Serie_A,25/26
2,2025,29974,2025-12-07 14:00:00,116,95,Cagliari,Roma,ROM,CAG,0,0.5702,0,0.451691,0.451691,-0.951889,9.9,7,3,2.1731000000000003,1,1.40358,1.40358,0.951889,9.5,4,Serie_A,25/26
2,2025,29975,2025-12-07 11:30:00,272,243,Cremonese,Lecce,LEC,CRE,0,0.7921,0,1.37526,1.37526,0.05401999999999996,5.774193548387097,4,3,1.9512999999999998,2,2.08254,1.32124,-0.05401999999999996,8.722222222222221,4,Serie_A,25/26
2,2025,29977,2025-12-07 17:00:00,96,97,Lazio,Bologna,BOL,LAZ,1,1.3421,1,1.23115,1.23115,-0.010399999999999965,9.407407407407407,2,1,1.3313,1,1.24155,1.24155,0.010399999999999965,11.884615384615385,6,Serie_A,25/26
2,2025,29978,2025-12-07 19:45:00,105,98,Napoli,Juventus,JUV,NAP,0,0.1273,1,0.24335,0.24335,-1.9221500000000002,15.411764705882353,5,3,2.7874,2,2.1655,2.1655,1.9221500000000002,12.6,1,Serie_A,25/26
2,2025,29979,2025-12-08 14:00:00,291,230,Pisa,Parma Calcio 1913,PAR,PIS,3,1.2794999999999999,1,1.49837,0.737068,-0.831662,26.75,1,0,1.4076,0,1.56873,1.56873,0.831662,7.565217391304348,5,Serie_A,25/26
2,2025,29981,2025-12-08 19:45:00,113,111,Torino,AC Milan,MIL,TOR,3,2.2104999999999997,3,2.10495,2.10495,1.856165,17.6,9,0,0.5545,2,1.01008,0.248785,-1.856165,12.576923076923077,4,Serie_A,25/26
2,2025,29982,2025-12-08 17:00:00,99,101,Udinese,Genoa,GEN,UDI,3,1.4309,2,1.5362,0.774898,-0.717062,11.722222222222221,1,0,1.2893000000000001,1,1.49196,1.49196,0.717062,5.4,7,Serie_A,25/26
2,2025,29988,2025-12-12 19:45:00,243,291,Lecce,Pisa,PIS,LEC,0,0.0928,0,0.303651,0.303651,-2.496219,29.428571428571427,3,3,2.8470999999999997,1,2.79987,2.79987,2.496219,9.083333333333334,7,Serie_A,25/26
2,2025,29984,2025-12-13 19:45:00,107,116,Atalanta,Cagliari,CAG,ATA,0,0.099,1,0.568619,0.568619,-2.5169610000000002,13.26086956521739,5,3,2.8449,2,3.08558,3.08558,2.5169610000000002,11.08695652173913,9,Serie_A,25/26
2,2025,29990,2025-12-13 17:00:00,230,96,Parma Calcio 1913,Lazio,LAZ,PAR,3,1.9426,1,1.76573,1.76573,0.68407,16.5,3,0,0.8100999999999999,0,1.08166,1.08166,-0.68407,15.235294117647058,6,Serie_A,25/26
2,2025,29992,2025-12-13 14:00:00,113,272,Torino,Cremonese,CRE,TOR,0,0.4902,0,0.700243,0.700243,-1.245737,9.714285714285714,3,3,2.3088,1,1.94598,1.94598,1.245737,7.903225806451613,5,Serie_A,25/26
2,2025,29989,2025-12-14 11:30:00,111,104,AC Milan,Sassuolo,SAS,MIL,1,0.7725,2,1.02843,1.02843,-0.8050300000000001,14.318181818181818,4,1,1.9803,2,1.83346,1.83346,0.8050300000000001,10.478260869565217,8,Serie_A,25/26
2,2025,29985,2025-12-14 19:45:00,97,98,Bologna,Juventus,JUV,BOL,3,2.1915999999999998,1,2.07145,2.07145,1.09758,18.25,14,0,0.6037,0,0.97387,0.97387,-1.09758,13.68421052631579,3,Serie_A,25/26
2,2025,29986,2025-12-14 14:00:00,110,94,Fiorentina,Verona,VER,FIO,3,0.7889999999999999,2,1.53867,1.53867,-0.8790899999999999,8.724137931034482,7,0,1.9997999999999998,1,2.41776,2.41776,0.8790899999999999,7.166666666666667,6,Serie_A,25/26
2,2025,29987,2025-12-14 17:00:00,101,106,Genoa,Inter,INT,GEN,3,2.2612,2,2.04412,2.04412,1.148825,5.733333333333333,7,0,0.5085999999999999,1,0.895295,0.895295,-1.148825,16.88235294117647,3,Serie_A,25/26
2,2025,29993,2025-12-14 14:00:00,99,105,Udinese,Napoli,NAP,UDI,0,0.6704999999999999,0,0.931427,0.931427,-0.9100330000000001,9.266666666666667,5,3,2.0820000000000003,1,1.84146,1.84146,0.9100330000000001,10.172413793103448,4,Serie_A,25/26
2,2025,29991,2025-12-15 19:45:00,95,286,Roma,Como,COM,ROM,0,0.5942000000000001,0,0.635872,0.635872,-1.019748,12.277777777777779,5,3,2.1713,1,1.65562,1.65562,1.019748,6.181818181818182,17,Serie_A,25/26
2,2025,29999,2025-12-20 19:45:00,98,95,Juventus,Roma,ROM,JUV,0,0.347,1,1.28421,1.28421,-1.81171,8.291666666666666,13,3,2.5178000000000003,2,3.09592,3.09592,1.81171,17.0,9,Serie_A,25/26
2,2025,30000,2025-12-20 17:00:00,96,272,Lazio,Cremonese,CRE,LAZ,1,1.6252,0,0.70974,0.70974,0.276971,15.772727272727273,1,1,0.9535,0,0.432769,0.432769,-0.276971,11.68,3,Serie_A,25/26
2,2025,29994,2025-12-21 11:30:00,116,291,Cagliari,Pisa,PIS,CAG,1,1.992,2,2.02532,1.26402,0.062309999999999865,8.321428571428571,8,1,0.7671,2,1.20171,1.20171,-0.062309999999999865,7.764705882352941,2,Serie_A,25/26
2,2025,29996,2025-12-21 17:00:00,110,99,Fiorentina,Udinese,UDI,FIO,0,0.1688,1,0.794951,0.794951,-2.4531289999999997,37.77777777777778,2,3,2.7518000000000002,5,3.24808,3.24808,2.4531289999999997,11.176470588235293,9,Serie_A,25/26
2,2025,29997,2025-12-21 19:45:00,101,107,Genoa,Atalanta,ATA,GEN,3,1.971,1,1.76564,1.76564,0.7979670000000001,3.6206896551724137,4,0,0.7737,0,0.967673,0.967673,-0.7979670000000001,14.428571428571429,4,Serie_A,25/26
2,2025,30002,2025-12-21 14:00:00,104,113,Sassuolo,Torino,TOR,SAS,3,2.5056,1,2.00002,1.23872,0.6578710000000001,8.242424242424242,2,0,0.32789999999999997,0,0.580849,0.580849,-0.6578710000000001,13.166666666666666,9,Serie_A,25/26
2,2025,30006,2025-12-27 14:00:00,243,286,Lecce,Como,COM,LEC,3,2.2863999999999995,3,2.33352,2.33352,1.1791,4.615384615384615,7,0,0.5089,0,1.15442,1.15442,-1.1791,10.862068965517242,4,Serie_A,25/26
2,2025,30008,2025-12-27 11:30:00,230,110,Parma Calcio 1913,Fiorentina,FIO,PAR,0,1.3408,0,1.2463,1.2463,-0.01821000000000006,6.074074074074074,6,3,1.3768,1,1.26451,1.26451,0.01821000000000006,16.466666666666665,4,Serie_A,25/26
2,2025,30009,2025-12-27 19:45:00,291,98,Pisa,Juventus,JUV,PIS,3,1.9498,2,1.2875,1.2875,0.6458800000000001,9.105263157894736,19,0,0.7555000000000001,0,0.64162,0.64162,-0.6458800000000001,13.277777777777779,5,Serie_A,25/26
2,2025,30011,2025-12-27 14:00:00,113,116,Torino,Cagliari,CAG,TOR,3,0.4212,2,0.994774,0.994774,-1.466126,15.294117647058824,4,0,2.4024,1,2.4609,2.4609,1.466126,11.894736842105264,5,Serie_A,25/26
2,2025,30012,2025-12-27 17:00:00,99,96,Udinese,Lazio,LAZ,UDI,1,1.3859,1,0.848022,0.848022,0.04146100000000008,12.625,4,1,1.2584,1,0.806561,0.806561,-0.04146100000000008,11.782608695652174,5,Serie_A,25/26
2,2025,30007,2025-12-28 11:30:00,111,94,AC Milan,Verona,VER,MIL,0,0.0379,0,0.32776,0.32776,-1.7892099999999997,8.620689655172415,1,3,2.9341,3,2.87827,2.11697,1.7892099999999997,15.4,3,Serie_A,25/26
2,2025,30013,2025-12-28 19:45:00,107,106,Atalanta,Inter,INT,ATA,3,1.7158,1,1.63271,1.63271,0.46347000000000005,8.366666666666667,10,0,0.9945999999999999,0,1.16924,1.16924,-0.46347000000000005,18.941176470588236,3,Serie_A,25/26
2,2025,30004,2025-12-28 17:00:00,97,104,Bologna,Sassuolo,SAS,BOL,1,1.8836000000000004,1,1.52306,1.52306,0.5860150000000001,10.590909090909092,4,1,0.8495,1,0.937045,0.937045,-0.5860150000000001,5.942857142857143,5,Serie_A,25/26
2,2025,30005,2025-12-28 14:00:00,272,105,Cremonese,Napoli,NAP,CRE,3,2.8703000000000003,2,2.85402,2.85402,2.5777759999999996,20.25,11,0,0.0779,0,0.276244,0.276244,-2.5777759999999996,12.571428571428571,2,Serie_A,25/26
2,2025,30010,2025-12-29 19:45:00,95,101,Roma,Genoa,GEN,ROM,0,0.3911,1,0.510864,0.510864,-1.350316,9.903225806451612,3,3,2.4275,3,1.86118,1.86118,1.350316,9.857142857142858,13,Serie_A,25/26
2,2025,30015,2026-01-02 19:45:00,116,111,Cagliari,AC Milan,MIL,CAG,3,1.8861,1,0.893304,0.893304,0.585021,10.964285714285714,10,0,0.7335,0,0.308283,0.308283,-0.585021,27.583333333333332,4,Serie_A,25/26
2,2025,30014,2026-01-03 19:45:00,107,95,Atalanta,Roma,ROM,ATA,0,0.2421,0,1.01018,1.01018,-1.72619,6.833333333333333,12,3,2.6352,1,2.73637,2.73637,1.72619,12.090909090909092,3,Serie_A,25/26
2,2025,30016,2026-01-03 11:30:00,286,99,Como,Udinese,UDI,COM,0,0.10250000000000001,0,0.245,0.245,-1.3772099999999998,14.952380952380953,3,3,2.8241,1,2.38351,1.62221,1.3772099999999998,5.575,10,Serie_A,25/26
2,2025,30018,2026-01-03 14:00:00,101,291,Genoa,Pisa,PIS,GEN,1,2.239,1,1.5538,1.5538,0.9843440000000001,7.862068965517241,5,1,0.5311,1,0.569456,0.569456,-0.9843440000000001,8.846153846153847,4,Serie_A,25/26
2,2025,30020,2026-01-03 17:00:00,98,243,Juventus,Lecce,LEC,JUV,1,0.018500000000000003,1,0.176301,0.176301,-2.656349,19.75,0,1,2.9657,1,3.59395,2.83265,2.656349,6.304347826086956,20,Serie_A,25/26
2,2025,30022,2026-01-03 14:00:00,104,230,Sassuolo,Parma Calcio 1913,PAR,SAS,1,1.4664,1,1.18268,1.18268,0.1731799999999999,11.61111111111111,6,1,1.2336,1,1.0095,1.0095,-0.1731799999999999,14.444444444444445,9,Serie_A,25/26
2,2025,30017,2026-01-04 14:00:00,110,272,Fiorentina,Cremonese,CRE,FIO,0,0.30700000000000005,0,0.752862,0.752862,-1.4538980000000001,14.222222222222221,1,3,2.4973,1,2.20676,2.20676,1.4538980000000001,10.75,12,Serie_A,25/26
2,2025,30019,2026-01-04 19:45:00,106,97,Inter,Bologna,BOL,INT,0,0.0437,1,0.782906,0.782906,-3.484284,7.5,3,3,2.9299999999999997,3,4.26719,4.26719,3.484284,7.137931034482759,7,Serie_A,25/26
2,2025,30021,2026-01-04 11:30:00,96,105,Lazio,Napoli,NAP,LAZ,3,2.7042,2,2.42503,2.42503,2.019242,9.904761904761905,4,0,0.1881,0,0.405788,0.405788,-2.019242,30.733333333333334,3,Serie_A,25/26
2,2025,30023,2026-01-04 17:00:00,94,113,Verona,Torino,TOR,VER,3,2.4999,3,1.70287,1.70287,1.442306,8.130434782608695,1,0,0.3147,0,0.260564,0.260564,-1.442306,9.482758620689655,4,Serie_A,25/26
2,2025,30027,2026-01-06 17:00:00,243,95,Lecce,Roma,ROM,LEC,3,2.4491,2,1.89163,1.89163,1.286905,6.0606060606060606,5,0,0.36860000000000004,0,0.604725,0.604725,-1.286905,8.681818181818182,2,Serie_A,25/26
2,2025,30031,2026-01-06 14:00:00,291,286,Pisa,Como,COM,PIS,3,1.6762000000000001,3,2.10363,1.34233,0.391798,3.4642857142857144,7,0,1.0564,0,1.71183,0.950532,-0.391798,24.214285714285715,3,Serie_A,25/26
2,2025,30032,2026-01-06 19:45:00,104,98,Sassuolo,Juventus,JUV,SAS,3,2.9234999999999998,3,2.90778,2.90778,2.704064,9.0,11,0,0.042899999999999994,0,0.203716,0.203716,-2.704064,46.166666666666664,3,Serie_A,25/26
2,2025,30024,2026-01-07 17:30:00,97,107,Bologna,Atalanta,ATA,BOL,3,1.5272,2,1.33342,1.33342,0.21815000000000007,11.380952380952381,9,0,1.1543,0,1.11527,1.11527,-0.21815000000000007,12.266666666666667,2,Serie_A,25/26
2,2025,30026,2026-01-07 19:45:00,96,110,Lazio,Fiorentina,FIO,LAZ,1,0.5302,2,1.51944,0.758145,-1.1887050000000001,14.823529411764707,5,1,2.2705,2,2.70815,1.94685,1.1887050000000001,21.066666666666666,11,Serie_A,25/26
2,2025,30029,2026-01-07 17:30:00,105,94,Napoli,Verona,VER,NAP,1,1.1307,2,1.29178,0.530478,-1.042392,16.91304347826087,2,1,1.5708,2,1.57287,1.57287,1.042392,10.571428571428571,5,Serie_A,25/26
2,2025,30030,2026-01-07 19:45:00,230,106,Parma Calcio 1913,Inter,INT,PAR,3,2.8838,2,3.08782,3.08782,2.8267659999999997,6.6875,18,0,0.0674,0,0.261054,0.261054,-2.8267659999999997,33.666666666666664,0,Serie_A,25/26
2,2025,30033,2026-01-07 19:45:00,113,99,Torino,Udinese,UDI,TOR,3,1.8641,2,2.31786,2.31786,0.64398,12.944444444444445,7,0,0.8926999999999999,1,1.67388,1.67388,-0.64398,5.5,5,Serie_A,25/26
2,2025,30028,2026-01-08 19:45:00,111,101,AC Milan,Genoa,GEN,MIL,1,0.9027999999999999,1,1.43745,0.676154,-1.4399960000000003,38.57142857142857,0,1,1.8399999999999999,1,2.11615,2.11615,1.4399960000000003,8.88,18,Serie_A,25/26
2,2025,30025,2026-01-08 17:30:00,272,116,Cremonese,Cagliari,CAG,CRE,1,1.0431,2,1.78257,1.78257,-0.47012999999999994,13.277777777777779,7,1,1.731,2,2.2527,2.2527,0.47012999999999994,17.944444444444443,4,Serie_A,25/26
2,2025,30034,2026-01-10 19:45:00,107,113,Atalanta,Torino,TOR,ATA,0,0.42069999999999996,0,0.945872,0.945872,-1.605188,8.566666666666666,9,3,2.4178,2,2.55106,2.55106,1.605188,8.185185185185185,13,Serie_A,25/26
2,2025,30035,2026-01-10 14:00:00,286,97,Como,Bologna,BOL,COM,1,1.7502,1,1.54894,1.54894,0.40971,18.4,4,1,0.9492,1,1.13923,1.13923,-0.40971,8.285714285714286,4,Serie_A,25/26
2,2025,30041,2026-01-10 17:00:00,95,104,Roma,Sassuolo,SAS,ROM,0,0.2407,0,0.858537,0.858537,-2.099893,12.32,4,3,2.6376999999999997,2,2.95843,2.95843,2.099893,5.416666666666667,21,Serie_A,25/26
2,2025,30042,2026-01-10 14:00:00,99,291,Udinese,Pisa,PIS,UDI,1,0.6934,2,1.42671,1.42671,0.007830000000000004,6.925925925925926,3,1,2.0416,2,2.18018,1.41888,-0.007830000000000004,9.466666666666667,8,Serie_A,25/26
2,2025,30036,2026-01-11 14:00:00,110,111,Fiorentina,AC Milan,MIL,FIO,1,1.1864000000000001,1,2.05263,2.05263,-0.32762,11.454545454545455,7,1,1.5785,1,2.38025,2.38025,0.32762,12.45,7,Serie_A,25/26
2,2025,30038,2026-01-11 19:45:00,106,105,Inter,Napoli,NAP,INT,1,1.1401000000000001,2,1.38417,1.38417,0.48876699999999995,11.35,4,1,1.5613,2,1.6567,0.895403,-0.48876699999999995,13.208333333333334,13,Serie_A,25/26
2,2025,30040,2026-01-11 11:30:00,243,230,Lecce,Parma Calcio 1913,PAR,LEC,3,1.8983999999999999,2,1.46392,1.46392,0.6217660000000002,5.37037037037037,3,0,0.8271,1,0.842154,0.842154,-0.6217660000000002,11.863636363636363,3,Serie_A,25/26
2,2025,30043,2026-01-11 17:00:00,94,96,Verona,Lazio,LAZ,VER,3,1.3789,1,0.64447,0.64447,0.05958299999999994,12.529411764705882,5,0,1.2142,0,0.584887,0.584887,-0.05958299999999994,19.26086956521739,6,Serie_A,25/26
2,2025,30037,2026-01-12 17:30:00,101,116,Genoa,Cagliari,CAG,GEN,0,1.1094,0,1.00677,1.00677,-0.25478,9.576923076923077,4,3,1.5891000000000002,3,1.26155,1.26155,0.25478,13.863636363636363,1,Serie_A,25/26
2,2025,30039,2026-01-12 19:45:00,98,272,Juventus,Cremonese,CRE,JUV,0,0.23500000000000001,0,1.1134,1.1134,-1.2212300000000003,41.75,3,3,2.6647,5,3.2309,2.33463,1.2212300000000003,9.76923076923077,13,Serie_A,25/26
2,2025,29998,2026-01-14 19:45:00,106,243,Inter,Lecce,LEC,INT,0,0.3629,0,0.468829,0.468829,-1.447931,19.5,2,3,2.4659,1,1.91676,1.91676,1.447931,5.318181818181818,12,Serie_A,25/26
2,2025,30001,2026-01-14 17:30:00,105,230,Napoli,Parma Calcio 1913,PAR,NAP,1,0.4225,0,0.230185,0.230185,-1.066525,38.25,4,1,2.3190999999999997,0,1.29671,1.29671,1.066525,8.391304347826088,11,Serie_A,25/26
2,2025,29995,2026-01-15 19:45:00,286,111,Como,AC Milan,MIL,COM,3,1.024,3,1.3926,0.631299,-1.2381609999999998,25.0625,3,0,1.7008,1,1.86946,1.86946,1.2381609999999998,9.285714285714286,8,Serie_A,25/26
2,2025,30003,2026-01-15 17:30:00,94,97,Verona,Bologna,BOL,VER,3,0.5509,3,0.690747,0.690747,-0.9973529999999999,9.6,6,0,2.2207000000000003,2,1.6881,1.6881,0.9973529999999999,16.095238095238095,5,Serie_A,25/26
2,2025,30049,2026-01-16 19:45:00,291,107,Pisa,Atalanta,ATA,PIS,1,1.4905,1,1.77359,1.77359,0.1366400000000001,8.357142857142858,7,1,1.2322000000000002,1,1.63695,1.63695,-0.1366400000000001,11.08695652173913,15,Serie_A,25/26
2,2025,30053,2026-01-17 19:45:00,116,98,Cagliari,Juventus,JUV,CAG,0,1.9818,0,0.872689,0.872689,0.696571,4.318181818181818,8,3,0.6155999999999999,1,0.176118,0.176118,-0.696571,20.466666666666665,1,Serie_A,25/26
2,2025,30047,2026-01-17 17:00:00,105,104,Napoli,Sassuolo,SAS,NAP,0,1.7845999999999997,0,1.12352,1.12352,0.5182850000000001,15.523809523809524,5,3,0.8936,1,0.605235,0.605235,-0.5182850000000001,15.222222222222221,4,Serie_A,25/26
2,2025,30051,2026-01-17 14:00:00,99,106,Udinese,Inter,INT,UDI,3,2.8004,1,2.17475,2.17475,2.043929,9.12,10,0,0.11299999999999999,0,0.130821,0.130821,-2.043929,15.583333333333334,3,Serie_A,25/26
2,2025,30046,2026-01-18 19:45:00,111,243,AC Milan,Lecce,LEC,MIL,0,0.040900000000000006,0,0.1816,0.1816,-2.99287,23.473684210526315,1,3,2.9278,1,3.17447,3.17447,2.99287,9.421052631578947,13,Serie_A,25/26
2,2025,30052,2026-01-18 14:00:00,97,110,Bologna,Fiorentina,FIO,BOL,3,1.6425,2,1.64563,1.64563,0.30165,18.5,4,0,1.0905,1,1.34398,1.34398,-0.30165,8.666666666666666,8,Serie_A,25/26
2,2025,30048,2026-01-18 11:30:00,230,101,Parma Calcio 1913,Genoa,GEN,PAR,1,1.8876,0,1.07465,1.07465,0.610778,6.545454545454546,3,1,0.7769999999999999,0,0.463872,0.463872,-0.610778,12.705882352941176,5,Serie_A,25/26
2,2025,30050,2026-01-18 17:00:00,113,95,Torino,Roma,ROM,TOR,3,2.589,2,2.02736,2.02736,1.632931,9.785714285714286,10,0,0.2682,0,0.394429,0.394429,-1.632931,8.758620689655173,7,Serie_A,25/26
2,2025,30044,2026-01-19 17:30:00,272,94,Cremonese,Verona,VER,CRE,1,1.2847,0,0.487484,0.487484,0.035421999999999954,13.476190476190476,5,1,1.2334,0,0.452062,0.452062,-0.035421999999999954,10.125,2,Serie_A,25/26
2,2025,30045,2026-01-19 19:45:00,96,286,Lazio,Como,COM,LAZ,3,2.7011000000000003,3,2.28394,1.52264,1.057357,12.523809523809524,5,0,0.1886,0,0.465283,0.465283,-1.057357,23.916666666666668,2,Serie_A,25/26
2,2025,30058,2026-01-23 19:45:00,106,291,Inter,Pisa,PIS,INT,0,0.0019000000000000002,2,0.453549,0.453549,-5.028851,7.757575757575758,0,3,2.9964999999999997,6,6.24369,5.4824,5.028851,10.3125,24,Serie_A,25/26
2,2025,30055,2026-01-24 14:00:00,286,113,Como,Torino,TOR,COM,0,0.0559,0,0.327418,0.327418,-2.064712,17.36842105263158,1,3,2.9098,6,3.15343,2.39213,2.064712,20.363636363636363,7,Serie_A,25/26
2,2025,30056,2026-01-24 17:00:00,110,116,Fiorentina,Cagliari,CAG,FIO,3,0.7777999999999999,2,1.27897,1.27897,-0.8125899999999999,18.705882352941178,2,0,1.9912999999999998,1,2.09156,2.09156,0.8125899999999999,8.05,6,Serie_A,25/26
2,2025,30060,2026-01-24 19:45:00,243,96,Lecce,Lazio,LAZ,LEC,1,1.4601,0,0.716991,0.716991,0.11596700000000004,13.0,3,1,1.146,0,0.601024,0.601024,-0.11596700000000004,10.852941176470589,4,Serie_A,25/26
2,2025,30054,2026-01-25 14:00:00,107,230,Atalanta,Parma Calcio 1913,PAR,ATA,0,0.1011,0,1.86533,1.86533,-2.3922499999999998,15.058823529411764,6,3,2.8536,4,5.01888,4.25758,2.3922499999999998,11.4,15,Serie_A,25/26
2,2025,30057,2026-01-25 14:00:00,101,97,Genoa,Bologna,BOL,GEN,0,1.1679,2,0.591952,0.591952,-0.11490499999999992,9.25,11,3,1.4313,3,0.706857,0.706857,0.11490499999999992,11.3125,4,Serie_A,25/26
2,2025,30059,2026-01-25 17:00:00,98,105,Juventus,Napoli,NAP,JUV,0,0.4597,0,0.421726,0.421726,-1.125064,11.941176470588236,10,3,2.3109999999999995,3,1.54679,1.54679,1.125064,12.06060606060606,11,Serie_A,25/26
2,2025,30061,2026-01-25 19:45:00,95,111,Roma,AC Milan,MIL,ROM,1,0.29910000000000003,1,0.583212,0.583212,-0.7912180000000001,16.2,1,1,2.5371,1,2.13573,1.37443,0.7912180000000001,8.8125,10,Serie_A,25/26
2,2025,30062,2026-01-25 11:30:00,104,272,Sassuolo,Cremonese,CRE,SAS,0,0.8547,0,0.845543,0.845543,-0.533157,9.173913043478262,7,3,1.8267000000000002,1,1.3787,1.3787,0.533157,13.529411764705882,2,Serie_A,25/26
2,2025,30063,2026-01-26 19:45:00,94,99,Verona,Udinese,UDI,VER,3,2.3732,3,1.93652,1.93652,1.362736,12.705882352941176,8,0,0.43610000000000004,1,0.573784,0.573784,-1.362736,10.7,3,Serie_A,25/26
2,2025,30068,2026-01-30 19:45:00,96,101,Lazio,Genoa,GEN,LAZ,0,1.1542999999999999,2,1.83307,1.07177,0.5278769999999999,15.411764705882353,1,3,1.5539,3,2.06649,0.543893,-0.5278769999999999,19.25,7,Serie_A,25/26
2,2025,30065,2026-01-31 19:45:00,116,94,Cagliari,Verona,VER,CAG,0,0.1972,0,0.374813,0.374813,-1.606477,13.9375,1,3,2.6815,4,1.98129,1.98129,1.606477,23.7,7,Serie_A,25/26
2,2025,30069,2026-01-31 17:00:00,105,110,Napoli,Fiorentina,FIO,NAP,0,1.0021,1,1.81202,1.81202,-0.5841699999999999,22.076923076923077,4,3,1.7746,2,2.39619,2.39619,0.5841699999999999,14.789473684210526,8,Serie_A,25/26
2,2025,30071,2026-01-31 14:00:00,291,104,Pisa,Sassuolo,SAS,PIS,3,2.3495999999999997,3,2.20331,2.20331,1.429735,14.0,11,0,0.46709999999999996,1,0.773575,0.773575,-1.429735,10.052631578947368,8,Serie_A,25/26
2,2025,30066,2026-02-01 14:00:00,286,107,Como,Atalanta,ATA,COM,1,0.0085,0,0.785014,0.785014,-4.4225259999999995,25.846153846153847,1,1,2.9875000000000003,0,5.96884,5.20754,4.4225259999999995,3.9047619047619047,22,Serie_A,25/26
2,2025,30067,2026-02-01 17:00:00,272,106,Cremonese,Inter,INT,CRE,3,2.5486,2,2.18311,2.18311,1.6729440000000002,7.894736842105263,10,0,0.3043,0,0.510166,0.510166,-1.6729440000000002,14.772727272727273,1,Serie_A,25/26
2,2025,30070,2026-02-01 19:45:00,230,98,Parma Calcio 1913,Juventus,JUV,PAR,3,2.9370999999999996,4,3.51941,3.51941,2.9210130000000003,10.19047619047619,15,0,0.0388,1,0.598397,0.598397,-2.9210130000000003,13.454545454545455,5,Serie_A,25/26
2,2025,30072,2026-02-01 11:30:00,113,243,Torino,Lecce,LEC,TOR,0,0.21130000000000002,0,0.468464,0.468464,-2.014166,8.523809523809524,2,3,2.6887000000000003,1,2.48263,2.48263,2.014166,10.157894736842104,5,Serie_A,25/26
2,2025,30073,2026-02-02 19:45:00,99,95,Udinese,Roma,ROM,UDI,0,1.2421,0,0.668752,0.668752,0.026158000000000015,5.151515151515151,7,3,1.3411,1,0.642594,0.642594,-0.026158000000000015,13.708333333333334,1,Serie_A,25/26
2,2025,30064,2026-02-03 19:45:00,97,111,Bologna,AC Milan,MIL,BOL,3,2.9114000000000004,3,3.35769,2.59639,2.1558640000000002,20.583333333333332,4,0,0.0551,0,0.440526,0.440526,-2.1558640000000002,11.0,10,Serie_A,25/26
2,2025,30074,2026-02-06 19:45:00,94,291,Verona,Pisa,PIS,VER,1,2.5029,0,1.26143,1.26143,1.1830457,13.045454545454545,6,1,0.2757,0,0.0783843,0.0783843,-1.1830457,7.095238095238095,1,Serie_A,25/26
2,2025,30079,2026-02-07 19:45:00,110,113,Fiorentina,Torino,TOR,FIO,1,1.1501000000000001,2,1.0134,1.0134,-0.2586299999999999,11.461538461538462,7,1,1.5644,2,1.27203,1.27203,0.2586299999999999,26.666666666666668,9,Serie_A,25/26
2,2025,30080,2026-02-07 17:00:00,101,105,Genoa,Napoli,NAP,GEN,3,1.8295,3,1.89784,1.13654,0.5732200000000001,9.9375,5,0,0.8835999999999999,2,1.32462,0.56332,-0.5732200000000001,11.964285714285714,4,Serie_A,25/26
2,2025,30078,2026-02-08 11:30:00,97,230,Bologna,Parma Calcio 1913,PAR,BOL,3,0.2476,1,0.193041,0.193041,-1.453539,12.76923076923077,3,0,2.5825000000000005,0,1.64658,1.64658,1.453539,19.333333333333332,4,Serie_A,25/26
2,2025,30081,2026-02-08 19:45:00,98,96,Juventus,Lazio,LAZ,JUV,1,0.3034,2,0.808824,0.808824,-2.047246,22.625,6,1,2.5765,2,2.85607,2.85607,2.047246,12.947368421052632,17,Serie_A,25/26
2,2025,30082,2026-02-08 14:00:00,243,99,Lecce,Udinese,UDI,LEC,0,0.4185,1,0.895031,0.133732,-2.052508,6.185185185185185,4,3,2.3838,2,2.18624,2.18624,2.052508,7.0,7,Serie_A,25/26
2,2025,30075,2026-02-08 17:00:00,104,106,Sassuolo,Inter,INT,SAS,3,2.6229,5,2.75112,2.75112,2.0295229999999997,13.375,10,0,0.258,0,0.721597,0.721597,-2.0295229999999997,38.666666666666664,2,Serie_A,25/26
2,2025,30077,2026-02-09 17:30:00,107,272,Atalanta,Cremonese,CRE,ATA,0,0.2783,1,0.914806,0.914806,-2.206384,13.19047619047619,4,3,2.6129000000000002,2,3.12119,3.12119,2.206384,14.642857142857142,7,Serie_A,25/26
2,2025,30076,2026-02-09 19:45:00,95,116,Roma,Cagliari,CAG,ROM,0,0.2537,0,0.613133,0.613133,-1.5911270000000002,27.2,1,3,2.5781,2,2.20426,2.20426,1.5911270000000002,9.705882352941176,4,Serie_A,25/26
2,2025,30091,2026-02-13 19:45:00,291,111,Pisa,AC Milan,MIL,PIS,3,2.3455,2,2.15769,1.39639,0.45911500000000005,11.625,2,0,0.4555,1,0.937275,0.937275,-0.45911500000000005,27.294117647058822,2,Serie_A,25/26
2,2025,30085,2026-02-14 14:00:00,286,110,Como,Fiorentina,FIO,COM,3,1.7792000000000001,2,1.302,0.540697,-0.36194800000000005,29.0,0,0,0.917,1,0.902645,0.902645,0.36194800000000005,4.9393939393939394,6,Serie_A,25/26
2,2025,30087,2026-02-14 19:45:00,106,98,Inter,Juventus,JUV,INT,0,0.6396,2,1.29499,1.29499,-1.18611,23.181818181818183,4,3,2.1639,3,2.4811,2.4811,1.18611,8.148148148148149,15,Serie_A,25/26
2,2025,30088,2026-02-14 17:00:00,96,107,Lazio,Atalanta,ATA,LAZ,3,1.6253,2,1.82116,1.05986,-0.4838,14.35,7,0,1.1123,0,1.54366,1.54366,0.4838,16.761904761904763,6,Serie_A,25/26
2,2025,30086,2026-02-15 14:00:00,272,101,Cremonese,Genoa,GEN,CRE,1,1.3519999999999999,0,1.33514,1.33514,-0.012029999999999985,6.277777777777778,9,1,1.3708999999999998,0,1.34717,1.34717,0.012029999999999985,18.88888888888889,6,Serie_A,25/26
2,2025,30089,2026-02-15 19:45:00,105,95,Napoli,Roma,ROM,NAP,1,2.5387999999999997,2,1.95442,1.19312,0.6684199999999999,14.0,4,1,0.30469999999999997,2,0.5247,0.5247,-0.6684199999999999,12.823529411764707,6,Serie_A,25/26
2,2025,30090,2026-02-15 14:00:00,230,94,Parma Calcio 1913,Verona,VER,PAR,0,0.4092,1,0.856137,0.0948381,-2.0723019,14.823529411764707,2,3,2.3862,2,2.16714,2.16714,2.0723019,4.619047619047619,13,Serie_A,25/26
2,2025,30092,2026-02-15 17:00:00,113,97,Torino,Bologna,BOL,TOR,3,2.3852,2,1.71228,1.71228,1.317844,22.363636363636363,9,0,0.4133,1,0.394436,0.394436,-1.317844,11.458333333333334,2,Serie_A,25/26
2,2025,30093,2026-02-15 11:30:00,99,104,Udinese,Sassuolo,SAS,UDI,3,2.0944000000000003,2,1.24711,1.24711,0.7559089999999999,11.25,4,0,0.6216999999999999,1,0.491201,0.491201,-0.7559089999999999,8.344827586206897,7,Serie_A,25/26
2,2025,30084,2026-02-16 19:45:00,116,243,Cagliari,Lecce,LEC,CAG,3,1.5695999999999999,2,1.76359,1.76359,0.2940799999999999,8.566666666666666,4,0,1.1604,0,1.46951,1.46951,-0.2940799999999999,8.11111111111111,2,Serie_A,25/26
2,2025,30083,2026-02-18 19:45:00,111,286,AC Milan,Como,COM,MIL,1,1.7421,1,1.64526,1.64526,0.4750699999999999,18.05263157894737,8,1,0.9792000000000001,1,1.17019,1.17019,-0.4750699999999999,11.6,1,Serie_A,25/26
2,2025,30103,2026-02-20 19:45:00,104,94,Sassuolo,Verona,VER,SAS,0,0.4829,0,0.615652,0.615652,-0.06446600000000002,11.708333333333334,2,3,2.282,3,1.58706,0.680118,0.06446600000000002,18.3125,3,Serie_A,25/26
2,2025,30096,2026-02-21 19:45:00,116,96,Cagliari,Lazio,LAZ,CAG,1,1.0457,0,0.520733,0.520733,-0.250378,11.655172413793103,7,1,1.5661999999999998,0,0.771111,0.771111,0.250378,25.533333333333335,5,Serie_A,25/26
2,2025,30099,2026-02-21 14:00:00,98,286,Juventus,Como,COM,JUV,3,1.7178,2,1.43181,1.43181,0.41755999999999993,14.761904761904763,5,0,0.9978,0,1.01425,1.01425,-0.41755999999999993,18.733333333333334,6,Serie_A,25/26
2,2025,30100,2026-02-21 17:00:00,243,106,Lecce,Inter,INT,LEC,3,2.8844000000000003,2,2.6436,2.6436,2.515737,8.210526315789474,10,0,0.0668,0,0.127863,0.127863,-2.515737,15.521739130434783,2,Serie_A,25/26
2,2025,30101,2026-02-22 17:00:00,111,230,AC Milan,Parma Calcio 1913,PAR,MIL,3,0.7187,1,0.760094,0.760094,-0.8742859999999999,15.642857142857142,1,0,2.0291,0,1.63438,1.63438,0.8742859999999999,6.714285714285714,20,Serie_A,25/26
2,2025,30094,2026-02-22 14:00:00,107,105,Atalanta,Napoli,NAP,ATA,0,1.4531,1,1.05903,1.05903,0.0968159999999999,9.076923076923077,5,3,1.2149,2,0.962214,0.962214,-0.0968159999999999,9.56,6,Serie_A,25/26
2,2025,30098,2026-02-22 11:30:00,101,113,Genoa,Torino,TOR,GEN,0,0.31320000000000003,0,0.530703,0.530703,-1.5323570000000002,18.956521739130434,4,3,2.5338,3,2.06306,2.06306,1.5323570000000002,8.541666666666666,3,Serie_A,25/26
2,2025,30102,2026-02-22 19:45:00,95,272,Roma,Cremonese,CRE,ROM,0,0.1282,0,0.280739,0.280739,-2.301201,18.076923076923077,0,3,2.7865,3,2.58194,2.58194,2.301201,9.047619047619047,7,Serie_A,25/26
2,2025,30095,2026-02-23 19:45:00,97,99,Bologna,Udinese,UDI,BOL,0,0.5302,0,0.530625,0.530625,-0.15522099999999994,6.884615384615385,7,3,2.2276000000000002,1,1.44714,0.685846,0.15522099999999994,7.147058823529412,4,Serie_A,25/26
2,2025,30097,2026-02-23 17:30:00,110,291,Fiorentina,Pisa,PIS,FIO,0,0.3445,0,0.43212,0.43212,-1.34613,13.291666666666666,5,3,2.4772,1,1.77825,1.77825,1.34613,25.272727272727273,1,Serie_A,25/26
2,2025,30106,2026-02-27 19:45:00,230,116,Parma Calcio 1913,Cagliari,CAG,PAR,1,0.7441,1,0.615799,0.615799,-0.696771,39.285714285714285,2,1,1.9647999999999999,1,1.31257,1.31257,0.696771,10.0,5,Serie_A,25/26
2,2025,30113,2026-02-28 14:00:00,286,243,Como,Lecce,LEC,COM,0,0.10060000000000001,1,0.424994,0.424994,-2.561226,22.263157894736842,0,3,2.8465000000000003,3,2.98622,2.98622,2.561226,6.523809523809524,6,Serie_A,25/26
2,2025,30105,2026-02-28 19:45:00,106,101,Inter,Genoa,GEN,INT,0,0.1081,0,0.170827,0.170827,-1.260163,10.24,6,3,2.8123000000000005,2,2.19229,1.43099,1.260163,9.482758620689655,15,Serie_A,25/26
2,2025,30109,2026-02-28 17:00:00,94,105,Verona,Napoli,NAP,VER,3,2.2362,2,1.21355,1.21355,0.9357149999999999,11.058823529411764,10,0,0.4809,1,0.277835,0.277835,-0.9357149999999999,17.2,3,Serie_A,25/26
2,2025,30104,2026-03-01 11:30:00,272,111,Cremonese,AC Milan,MIL,CRE,3,2.7647,2,3.87512,3.87512,2.79125,10.777777777777779,11,0,0.16849999999999998,0,1.08387,1.08387,-2.79125,11.0,2,Serie_A,25/26
2,2025,30108,2026-03-01 19:45:00,95,98,Roma,Juventus,JUV,ROM,1,1.0328,3,1.8583,1.8583,-0.4722899999999999,13.470588235294118,4,1,1.7189,3,2.33059,2.33059,0.4722899999999999,10.517241379310345,9,Serie_A,25/26
2,2025,30112,2026-03-01 14:00:00,104,107,Sassuolo,Atalanta,ATA,SAS,0,2.4770000000000003,1,3.74717,3.74717,1.93585,3.1724137931034484,27,3,0.3935,2,1.81132,1.81132,-1.93585,34.0,5,Serie_A,25/26
2,2025,30111,2026-03-01 17:00:00,113,96,Torino,Lazio,LAZ,TOR,0,1.3388,0,1.05867,1.05867,-0.0021800000000000708,16.1,7,3,1.3373,2,1.06085,1.06085,0.0021800000000000708,15.695652173913043,4,Serie_A,25/26
2,2025,30107,2026-03-02 17:30:00,291,97,Pisa,Bologna,BOL,PIS,3,1.4331,1,0.871649,0.871649,0.12853100000000006,12.285714285714286,2,0,1.2063,0,0.743118,0.743118,-0.12853100000000006,12.681818181818182,4,Serie_A,25/26
2,2025,30110,2026-03-02 19:45:00,99,110,Udinese,Fiorentina,FIO,UDI,0,0.33230000000000004,0,0.585387,0.585387,-0.677223,7.8,2,3,2.513,3,2.0239,1.26261,0.677223,12.379310344827585,2,Serie_A,25/26
2,2025,30114,2026-03-06 19:45:00,105,113,Napoli,Torino,TOR,NAP,0,0.3144,1,0.693368,0.693368,-1.6267019999999999,31.384615384615383,3,3,2.5404,2,2.32007,2.32007,1.6267019999999999,12.166666666666666,8,Serie_A,25/26
2,2025,30115,2026-03-07 17:00:00,107,99,Atalanta,Udinese,UDI,ATA,1,0.585,2,0.860054,0.860054,-1.1384859999999999,23.8,4,1,2.2016999999999998,2,1.99854,1.99854,1.1384859999999999,6.571428571428571,10,Serie_A,25/26
2,2025,30116,2026-03-07 14:00:00,116,286,Cagliari,Como,COM,CAG,3,1.5581,2,0.763847,0.763847,0.24580500000000005,7.1,5,0,1.0421,1,0.518042,0.518042,-0.24580500000000005,12.72,2,Serie_A,25/26
2,2025,30119,2026-03-07 19:45:00,98,291,Juventus,Pisa,PIS,JUV,0,0.0752,0,0.319971,0.319971,-2.8481389999999998,20.2,5,3,2.8799,4,3.16811,3.16811,2.8481389999999998,11.529411764705882,14,Serie_A,25/26
2,2025,30122,2026-03-08 19:45:00,111,106,AC Milan,Inter,INT,MIL,0,1.8865,0,1.44398,1.44398,0.591966,9.846153846153847,13,3,0.8398000000000001,1,0.852014,0.852014,-0.591966,15.722222222222221,3,Serie_A,25/26
2,2025,30123,2026-03-08 14:00:00,97,94,Bologna,Verona,VER,BOL,3,2.2171000000000003,2,2.02855,2.02855,1.1248040000000001,6.846153846153846,4,0,0.5821,1,0.903746,0.903746,-1.1248040000000001,5.0,7,Serie_A,25/26
2,2025,30117,2026-03-08 14:00:00,110,230,Fiorentina,Parma Calcio 1913,PAR,FIO,1,0.7655000000000001,0,0.253114,0.253114,-0.5053589999999999,10.304347826086957,2,1,1.7962999999999998,0,0.758473,0.758473,0.5053589999999999,8.583333333333334,12,Serie_A,25/26
2,2025,30118,2026-03-08 17:00:00,101,95,Genoa,Roma,ROM,GEN,0,0.0631,1,0.282645,0.282645,-1.515175,5.277777777777778,7,3,2.8914999999999997,2,2.55911,1.79782,1.515175,8.555555555555555,7,Serie_A,25/26
2,2025,30121,2026-03-08 11:30:00,243,272,Lecce,Cremonese,CRE,LEC,0,0.5526,1,0.791422,0.791422,-0.21432799999999996,3.888888888888889,5,3,2.2236000000000002,2,1.76705,1.00575,0.21432799999999996,7.0,6,Serie_A,25/26
2,2025,30120,2026-03-09 19:45:00,96,104,Lazio,Sassuolo,SAS,LAZ,0,0.1483,1,0.453204,0.453204,-2.033596,22.571428571428573,5,3,2.7679,2,2.4868,2.4868,2.033596,41.75,6,Serie_A,25/26
2,2025,30131,2026-03-13 19:45:00,113,230,Torino,Parma Calcio 1913,PAR,TOR,0,0.1941,1,0.579861,0.579861,-1.8632990000000003,14.466666666666667,1,3,2.6937,4,2.44316,2.44316,1.8632990000000003,7.866666666666666,4,Serie_A,25/26
2,2025,30126,2026-03-14 14:00:00,106,107,Inter,Atalanta,ATA,INT,1,0.5524,1,0.867146,0.867146,-1.161454,26.466666666666665,8,1,2.2359999999999998,1,2.0286,2.0286,1.161454,14.0,19,Serie_A,25/26
2,2025,30128,2026-03-14 17:00:00,105,243,Napoli,Lecce,LEC,NAP,0,1.4348,1,1.22692,1.22692,0.09577999999999998,21.88888888888889,1,3,1.2443,2,1.13114,1.13114,-0.09577999999999998,5.894736842105263,7,Serie_A,25/26
2,2025,30132,2026-03-14 19:45:00,99,98,Udinese,Juventus,JUV,UDI,3,2.785,1,3.18734,3.18734,2.445375,9.961538461538462,17,0,0.1387,0,0.741965,0.741965,-2.445375,17.5,5,Serie_A,25/26
2,2025,30124,2026-03-15 17:00:00,286,95,Como,Roma,ROM,COM,0,0.32730000000000004,1,0.899976,0.138677,-2.330403,11.03225806451613,2,3,2.5040999999999998,2,2.46908,2.46908,2.330403,9.444444444444445,15,Serie_A,25/26
2,2025,30127,2026-03-15 19:45:00,96,111,Lazio,AC Milan,MIL,LAZ,0,1.8828,0,1.16179,1.16179,0.6233930000000001,9.807692307692308,12,3,0.7947000000000001,1,0.538397,0.538397,-0.6233930000000001,23.466666666666665,5,Serie_A,25/26
2,2025,30129,2026-03-15 14:00:00,291,116,Pisa,Cagliari,CAG,PIS,0,0.4877,1,1.52334,1.52334,-0.6582299999999999,5.947368421052632,4,3,2.3552,3,2.94287,2.18157,0.6582299999999999,20.5,5,Serie_A,25/26
2,2025,30130,2026-03-15 14:00:00,104,97,Sassuolo,Bologna,BOL,SAS,3,1.6017,1,0.731025,0.731025,0.303972,14.058823529411764,6,0,0.987,0,0.427053,0.427053,-0.303972,9.11111111111111,4,Serie_A,25/26
2,2025,30133,2026-03-15 11:30:00,94,101,Verona,Genoa,GEN,VER,3,1.4472,2,0.534091,0.534091,0.16326999999999997,12.142857142857142,6,0,1.0674000000000001,0,0.370821,0.370821,-0.16326999999999997,10.44,0,Serie_A,25/26
2,2025,30125,2026-03-16 19:45:00,272,110,Cremonese,Fiorentina,FIO,CRE,3,1.0903,4,1.14462,1.14462,-0.32909999999999995,16.0,9,0,1.6261,1,1.47372,1.47372,0.32909999999999995,10.608695652173912,9,Serie_A,25/26
2,2025,30136,2026-03-20 17:30:00,116,105,Cagliari,Napoli,NAP,CAG,3,2.8599,1,2.27393,2.27393,2.032684,8.227272727272727,10,0,0.0801,0,0.241246,0.241246,-2.032684,20.238095238095237,4,Serie_A,25/26
2,2025,30139,2026-03-20 19:45:00,101,99,Genoa,Udinese,UDI,GEN,3,0.9674,2,0.86584,0.86584,-0.43743999999999994,11.608695652173912,4,0,1.7207000000000001,0,1.30328,1.30328,0.43743999999999994,6.75,4,Serie_A,25/26
2,2025,30141,2026-03-21 17:00:00,111,113,AC Milan,Torino,TOR,MIL,0,2.1019,2,2.37211,1.61081,0.16744000000000003,21.8,3,3,0.6829000000000001,3,1.44337,1.44337,-0.16744000000000003,15.181818181818182,11,Serie_A,25/26
2,2025,30140,2026-03-21 19:45:00,98,104,Juventus,Sassuolo,SAS,JUV,1,0.4313,1,0.845538,0.845538,-0.6477320000000001,19.857142857142858,5,1,2.3872999999999998,1,2.25457,1.49327,0.6477320000000001,7.7368421052631575,23,Serie_A,25/26
2,2025,30142,2026-03-21 14:00:00,230,272,Parma Calcio 1913,Cremonese,CRE,PAR,3,1.8750000000000002,2,0.781807,0.781807,0.494049,16.066666666666666,1,0,0.7221,0,0.287758,0.287758,-0.494049,10.16,1,Serie_A,25/26
2,2025,30134,2026-03-22 14:00:00,107,94,Atalanta,Verona,VER,ATA,0,0.6016,0,0.765772,0.765772,-0.976708,12.0,5,3,2.1652,1,1.74248,1.74248,0.976708,9.0,8,Serie_A,25/26
2,2025,30135,2026-03-22 14:00:00,97,96,Bologna,Lazio,LAZ,BOL,3,2.0141999999999998,2,2.14396,2.14396,1.57605,22.88888888888889,5,0,0.7419,0,1.32921,0.56791,-1.57605,12.0,8,Serie_A,25/26
2,2025,30137,2026-03-22 11:30:00,286,291,Como,Pisa,PIS,COM,0,0.268,0,0.309722,0.309722,-1.5117779999999998,28.8,4,3,2.5735,5,1.8215,1.8215,1.5117779999999998,7.090909090909091,11,Serie_A,25/26
2,2025,30138,2026-03-22 19:45:00,110,106,Fiorentina,Inter,INT,FIO,1,1.0375,1,1.40088,1.40088,-0.41341000000000006,10.75,8,1,1.6909,1,1.81429,1.81429,0.41341000000000006,17.9,6,Serie_A,25/26
2,2025,30143,2026-03-22 17:00:00,95,243,Roma,Lecce,LEC,ROM,0,1.1173,0,0.807003,0.807003,-0.28658700000000004,10.580645161290322,4,3,1.5568000000000002,1,1.09359,1.09359,0.28658700000000004,7.7368421052631575,10,Serie_A,25/26
2,2025,30147,2026-04-04 18:45:00,96,230,Lazio,Parma Calcio 1913,PAR,LAZ,1,1.3353,1,0.360563,0.360563,0.09147700000000003,25.88888888888889,1,1,1.0896,1,0.269086,0.269086,-0.09147700000000003,10.04,5,Serie_A,25/26
2,2025,30151,2026-04-04 13:00:00,104,116,Sassuolo,Cagliari,CAG,SAS,0,2.5022,1,1.90118,1.13988,0.65652,14.941176470588236,5,3,0.3338,2,0.48336,0.48336,-0.65652,16.705882352941178,6,Serie_A,25/26
2,2025,30153,2026-04-04 16:00:00,94,110,Verona,Fiorentina,FIO,VER,3,0.743,1,0.308725,0.308725,-0.613852,13.875,3,0,1.8712999999999997,0,0.922577,0.922577,0.613852,13.142857142857142,8,Serie_A,25/26
2,2025,30144,2026-04-05 13:00:00,272,97,Cremonese,Bologna,BOL,CRE,3,1.4953,2,1.58974,1.58974,0.9546539999999999,9.80952380952381,6,0,1.2007,1,1.39638,0.635086,-0.9546539999999999,20.0,0,Serie_A,25/26
2,2025,30145,2026-04-05 18:45:00,106,95,Inter,Roma,ROM,INT,0,0.48640000000000005,2,0.939981,0.939981,-1.314429,14.090909090909092,6,3,2.3239,5,2.25441,2.25441,1.314429,11.4,14,Serie_A,25/26
2,2025,30150,2026-04-05 16:00:00,291,113,Pisa,Torino,TOR,PIS,3,2.6215,1,1.72611,1.72611,1.416744,11.263157894736842,5,0,0.2341,0,0.309366,0.309366,-1.416744,7.857142857142857,5,Serie_A,25/26
2,2025,30146,2026-04-06 16:00:00,98,101,Juventus,Genoa,GEN,JUV,0,0.5202,0,1.48807,0.726768,-1.875992,19.05263157894737,3,3,2.2707,2,2.60276,2.60276,1.875992,16.571428571428573,16,Serie_A,25/26
2,2025,30148,2026-04-06 13:00:00,243,107,Lecce,Atalanta,ATA,LEC,3,2.7988999999999997,3,2.81595,2.81595,2.451676,5.75,16,0,0.1271,0,0.364274,0.364274,-2.451676,10.84,6,Serie_A,25/26
2,2025,30149,2026-04-06 18:45:00,105,111,Napoli,AC Milan,MIL,NAP,0,1.2967,0,0.810602,0.810602,-0.061799999999999966,23.466666666666665,9,3,1.3474,1,0.872402,0.872402,0.061799999999999966,28.2,5,Serie_A,25/26
2,2025,30152,2026-04-06 10:30:00,99,286,Udinese,Como,COM,UDI,1,1.1007,0,0.786392,0.786392,-0.2802580000000001,7.583333333333333,4,1,1.5878999999999999,0,1.06665,1.06665,0.2802580000000001,12.736842105263158,7,Serie_A,25/26
2,2025,30162,2026-04-10 18:45:00,95,291,Roma,Pisa,PIS,ROM,0,0.9710000000000001,0,1.06318,1.06318,-0.3876599999999999,18.894736842105264,3,3,1.7222,3,1.45084,1.45084,0.3876599999999999,7.774193548387097,6,Serie_A,25/26
2,2025,30160,2026-04-11 16:00:00,111,99,AC Milan,Udinese,UDI,MIL,3,1.3083,3,1.566,1.566,-0.061369999999999925,11.448275862068966,7,0,1.4247,0,1.62737,1.62737,0.061369999999999925,6.391304347826087,6,Serie_A,25/26
2,2025,30154,2026-04-11 18:45:00,107,98,Atalanta,Juventus,JUV,ATA,3,0.8854,1,1.18681,1.18681,-0.7017900000000001,24.083333333333332,8,0,1.8706,0,1.8886,1.8886,0.7017900000000001,12.285714285714286,15,Serie_A,25/26
2,2025,30156,2026-04-11 13:00:00,116,272,Cagliari,Cremonese,CRE,CAG,0,0.3788,0,0.268819,0.268819,-1.1621810000000001,6.476190476190476,3,3,2.3882000000000003,1,1.431,1.431,1.1621810000000001,14.28,1,Serie_A,25/26
2,2025,30163,2026-04-11 13:00:00,113,94,Torino,Verona,VER,TOR,0,1.7538999999999998,1,1.67554,1.67554,0.52704,9.045454545454545,6,3,0.9778,2,1.1485,1.1485,-0.52704,12.176470588235293,4,Serie_A,25/26
2,2025,30155,2026-04-12 16:00:00,97,243,Bologna,Lecce,LEC,BOL,0,0.11410000000000001,0,0.53637,0.53637,-2.04603,11.72,3,3,2.8053999999999997,2,2.5824,2.5824,2.04603,6.695652173913044,8,Serie_A,25/26
2,2025,30157,2026-04-12 18:45:00,286,106,Como,Inter,INT,COM,3,0.081,4,0.507465,0.507465,-2.0190349999999997,13.68421052631579,3,0,2.8712999999999997,3,3.2878,2.5265,2.0190349999999997,9.590909090909092,3,Serie_A,25/26
2,2025,30159,2026-04-12 10:30:00,101,104,Genoa,Sassuolo,SAS,GEN,0,1.3319999999999999,1,1.39642,1.39642,0.003710000000000102,27.9,7,3,1.3466999999999998,2,1.39271,1.39271,-0.003710000000000102,11.954545454545455,6,Serie_A,25/26
2,2025,30161,2026-04-12 13:00:00,230,105,Parma Calcio 1913,Napoli,NAP,PAR,1,2.3561,1,1.31482,1.31482,1.160131,6.619047619047619,24,1,0.37550000000000006,1,0.154689,0.154689,-1.160131,55.8,0,Serie_A,25/26
2,2025,30158,2026-04-13 18:45:00,110,96,Fiorentina,Lazio,LAZ,FIO,0,2.1027,0,1.29355,1.29355,0.8715839999999999,11.842105263157896,2,3,0.6087,1,0.421966,0.421966,-0.8715839999999999,31.076923076923077,2,Serie_A,25/26
2,2025,30164,2026-04-17 18:45:00,106,116,Inter,Cagliari,CAG,INT,0,0.1817,0,0.482209,0.482209,-1.903031,17.5,2,3,2.7173,3,2.38524,2.38524,1.903031,10.541666666666666,13,Serie_A,25/26
2,2025,30170,2026-04-17 16:30:00,104,286,Sassuolo,Como,COM,SAS,0,0.6993,1,0.588985,0.588985,-0.761915,5.16,3,3,2.0253,2,1.3509,1.3509,0.761915,15.944444444444445,2,Serie_A,25/26
2,2025,30167,2026-04-18 16:00:00,105,96,Napoli,Lazio,LAZ,NAP,3,2.886,2,3.16463,2.27797,1.7609979999999998,31.923076923076923,6,0,0.0732,0,0.516972,0.516972,-1.7609979999999998,11.6875,8,Serie_A,25/26
2,2025,30169,2026-04-18 18:45:00,95,107,Roma,Atalanta,ATA,ROM,1,0.5638,1,0.660238,0.660238,-1.049172,16.0,5,1,2.1949,1,1.70941,1.70941,1.049172,17.9375,9,Serie_A,25/26
2,2025,30171,2026-04-18 13:00:00,99,230,Udinese,Parma Calcio 1913,PAR,UDI,3,1.3721999999999999,1,1.39599,1.39599,0.044910000000000005,11.3125,4,0,1.3125,0,1.35108,1.35108,-0.044910000000000005,7.962962962962963,9,Serie_A,25/26
2,2025,30173,2026-04-19 10:30:00,272,113,Cremonese,Torino,TOR,CRE,1,0.5697,0,0.159021,0.159021,-0.728469,21.785714285714285,2,1,2.0487,0,0.88749,0.88749,0.728469,8.55,8,Serie_A,25/26
2,2025,30165,2026-04-19 18:45:00,98,97,Juventus,Bologna,BOL,JUV,0,0.7850999999999999,0,0.852415,0.852415,-0.724095,18.214285714285715,3,3,1.9311,2,1.57651,1.57651,0.724095,10.75,7,Serie_A,25/26
2,2025,30168,2026-04-19 16:00:00,291,101,Pisa,Genoa,GEN,PIS,3,2.2889,2,2.18534,1.42404,0.41713,8.434782608695652,5,0,0.5114000000000001,1,1.00691,1.00691,-0.41713,13.31578947368421,2,Serie_A,25/26
2,2025,30172,2026-04-19 13:00:00,94,111,Verona,AC Milan,MIL,VER,3,1.4807,1,0.830747,0.830747,0.12105100000000002,27.125,5,0,1.1480000000000001,0,0.709696,0.709696,-0.12105100000000002,14.894736842105264,2,Serie_A,25/26
2,2025,30166,2026-04-20 18:45:00,243,110,Lecce,Fiorentina,FIO,LEC,1,0.8997999999999999,1,1.26455,1.26455,-0.54406,7.190476190476191,2,1,1.8013000000000001,1,1.80861,1.80861,0.54406,8.75,6,Serie_A,25/26
2,2025,30180,2026-04-24 18:45:00,105,272,Napoli,Cremonese,CRE,NAP,0,0.09,0,0.473643,0.473643,-2.005677,19.0,1,3,2.8527,4,3.24062,2.47932,2.005677,13.578947368421053,7,Serie_A,25/26
2,2025,30174,2026-04-25 16:00:00,97,95,Bologna,Roma,ROM,BOL,3,2.3745000000000003,2,1.65629,1.65629,1.1772070000000001,14.565217391304348,1,0,0.4212,0,0.479083,0.479083,-1.1772070000000001,10.333333333333334,6,Serie_A,25/26
2,2025,30181,2026-04-25 13:00:00,230,291,Parma Calcio 1913,Pisa,PIS,PAR,0,1.5789,0,1.56392,1.56392,0.25319999999999987,8.5,6,3,1.1391,1,1.31072,1.31072,-0.25319999999999987,12.047619047619047,7,Serie_A,25/26
2,2025,30183,2026-04-25 18:45:00,94,243,Verona,Lecce,LEC,VER,1,2.2428,0,1.20604,1.20604,0.956746,6.0,3,1,0.4761,0,0.249294,0.249294,-0.956746,9.35,4,Serie_A,25/26
2,2025,30179,2026-04-26 18:45:00,111,98,AC Milan,Juventus,JUV,MIL,1,1.0731,0,0.449727,0.449727,-0.16661499999999996,15.31578947368421,2,1,1.4859,0,0.616342,0.616342,0.16661499999999996,19.923076923076923,7,Serie_A,25/26
2,2025,30176,2026-04-26 10:30:00,110,104,Fiorentina,Sassuolo,SAS,FIO,1,0.3535,0,0.597621,0.597621,-1.5924889999999998,12.277777777777779,3,1,2.4937,0,2.19011,2.19011,1.5924889999999998,15.05,12,Serie_A,25/26
2,2025,30177,2026-04-26 13:00:00,101,286,Genoa,Como,COM,GEN,3,1.8287000000000002,2,1.19004,1.19004,0.522886,10.5,4,0,0.8513,0,0.667154,0.667154,-0.522886,8.78125,5,Serie_A,25/26
2,2025,30182,2026-04-26 16:00:00,113,106,Torino,Inter,INT,TOR,1,0.8254,2,1.64792,1.64792,-0.01851999999999987,14.153846153846153,10,1,1.9555,2,2.42774,1.66644,0.01851999999999987,24.2,4,Serie_A,25/26
2,2025,30175,2026-04-27 16:30:00,116,107,Cagliari,Atalanta,ATA,CAG,0,1.1333,2,1.7579,1.7579,-0.24980999999999987,5.153846153846154,12,3,1.5958999999999999,3,2.00771,2.00771,0.24980999999999987,32.5,2,Serie_A,25/26
2,2025,30178,2026-04-27 18:45:00,96,99,Lazio,Udinese,UDI,LAZ,1,1.7854,3,2.30714,2.30714,0.5323100000000001,14.85,7,1,0.9625,3,1.77483,1.77483,-0.5323100000000001,14.916666666666666,2,Serie_A,25/26
2,2025,30190,2026-05-01 18:45:00,291,243,Pisa,Lecce,LEC,PIS,3,0.8170999999999999,2,1.35936,1.35936,-0.7078,9.115384615384615,5,0,1.9286,1,2.06716,2.06716,0.7078,6.1,5,Serie_A,25/26
2,2025,30184,2026-05-02 18:45:00,107,101,Atalanta,Genoa,GEN,ATA,1,0.4266,0,0.438786,0.438786,-1.2220339999999998,9.6,3,1,2.3574,0,1.66082,1.66082,1.2220339999999998,5.67741935483871,15,Serie_A,25/26
2,2025,30186,2026-05-02 16:00:00,286,105,Como,Napoli,NAP,COM,1,0.5465,0,0.847288,0.847288,-0.949902,29.333333333333332,6,1,2.1938,0,1.79719,1.79719,0.949902,11.08695652173913,4,Serie_A,25/26
2,2025,30193,2026-05-02 13:00:00,99,113,Udinese,Torino,TOR,UDI,0,0.4072,0,0.812913,0.812913,-1.3561269999999999,8.323529411764707,6,3,2.4073,2,2.16904,2.16904,1.3561269999999999,7.0,5,Serie_A,25/26
2,2025,30185,2026-05-03 10:30:00,97,116,Bologna,Cagliari,CAG,BOL,1,1.5339,0,0.871884,0.871884,0.18739700000000004,15.823529411764707,2,1,1.1175,0,0.684487,0.684487,-0.18739700000000004,6.318181818181818,6,Serie_A,25/26
2,2025,30188,2026-05-03 18:45:00,106,230,Inter,Parma Calcio 1913,PAR,INT,0,0.2781,0,0.452228,0.452228,-1.5634819999999998,24.9,3,3,2.5641,2,2.01571,2.01571,1.5634819999999998,14.65,16,Serie_A,25/26
2,2025,30189,2026-05-03 16:00:00,98,94,Juventus,Verona,VER,JUV,1,0.09240000000000001,1,0.197193,0.197193,-2.489027,16.0,0,1,2.8458,1,2.68622,2.68622,2.489027,7.733333333333333,17,Serie_A,25/26
2,2025,30192,2026-05-03 13:00:00,104,111,Sassuolo,AC Milan,MIL,SAS,0,0.1058,0,0.288558,0.288558,-1.946462,15.652173913043478,3,3,2.8181,2,2.23502,2.23502,1.946462,12.176470588235293,10,Serie_A,25/26
2,2025,30187,2026-05-04 16:30:00,272,96,Cremonese,Lazio,LAZ,CRE,3,1.7963,2,0.987521,0.987521,0.436991,19.866666666666667,4,0,0.8633,1,0.55053,0.55053,-0.436991,18.045454545454547,1,Serie_A,25/26
2,2025,30191,2026-05-04 18:45:00,95,110,Roma,Fiorentina,FIO,ROM,0,0.0243,0,0.132194,0.132194,-2.710976,18.45,4,3,2.9556,4,2.84317,2.84317,2.710976,8.518518518518519,8,Serie_A,25/26
2,2025,30203,2026-05-08 18:45:00,113,104,Torino,Sassuolo,SAS,TOR,0,0.8366,1,2.17042,2.17042,-0.8967200000000002,14.421052631578947,13,3,1.9562,2,3.06714,3.06714,0.8967200000000002,17.166666666666668,8,Serie_A,25/26
2,2025,30195,2026-05-09 13:00:00,116,99,Cagliari,Udinese,UDI,CAG,3,1.9557000000000002,2,2.30592,2.30592,0.7407599999999999,20.352941176470587,6,0,0.8235,0,1.56516,1.56516,-0.7407599999999999,9.0,13,Serie_A,25/26
2,2025,30198,2026-05-09 16:00:00,96,106,Lazio,Inter,INT,LAZ,3,2.5724,3,2.18245,2.18245,1.6803429999999997,12.0,10,0,0.28400000000000003,0,0.502107,0.502107,-1.6803429999999997,29.294117647058822,4,Serie_A,25/26
2,2025,30199,2026-05-09 18:45:00,243,98,Lecce,Juventus,JUV,LEC,3,2.3639999999999994,1,1.95698,1.95698,1.349021,4.785714285714286,11,0,0.45089999999999997,0,0.607959,0.607959,-1.349021,12.666666666666666,3,Serie_A,25/26
2,2025,30200,2026-05-10 18:45:00,111,107,AC Milan,Atalanta,ATA,MIL,3,0.8861,3,1.60752,1.60752,0.08486000000000016,11.96551724137931,12,0,1.8691999999999998,2,2.28396,1.52266,-0.08486000000000016,15.3125,8,Serie_A,25/26
2,2025,30196,2026-05-10 13:00:00,272,291,Cremonese,Pisa,PIS,CRE,0,0.2138,0,0.0,0.0,-1.26744,23.055555555555557,0,3,2.5724,3,1.26744,1.26744,1.26744,6.181818181818182,3,Serie_A,25/26
2,2025,30197,2026-05-10 13:00:00,110,101,Fiorentina,Genoa,GEN,FIO,1,1.1593,0,0.52874,0.52874,-0.14643899999999999,8.107142857142858,5,1,1.4317,0,0.675179,0.675179,0.14643899999999999,7.142857142857143,11,Serie_A,25/26
2,2025,30202,2026-05-10 16:00:00,230,95,Parma Calcio 1913,Roma,ROM,PAR,3,2.7858,3,3.02085,2.25955,1.623399,7.095238095238095,12,0,0.1437,2,0.636151,0.636151,-1.623399,13.38888888888889,6,Serie_A,25/26
2,2025,30194,2026-05-10 10:30:00,94,286,Verona,Como,COM,VER,3,1.1158,1,1.06072,1.06072,-0.22979999999999978,5.214285714285714,7,0,1.5478,0,1.29052,1.29052,0.22979999999999978,10.5,7,Serie_A,25/26
2,2025,30201,2026-05-11 18:45:00,105,97,Napoli,Bologna,BOL,NAP,3,1.2801,3,1.12339,0.36209,-0.8653,17.444444444444443,2,0,1.3803,2,1.22739,1.22739,0.8653,20.214285714285715,7,Serie_A,25/26
2,2025,30204,2026-05-17 16:00:00,107,97,Atalanta,Bologna,BOL,ATA,3,1.5333999999999999,1,1.06559,1.06559,0.19420900000000008,12.45,4,0,1.1455,0,0.871381,0.871381,-0.19420900000000008,6.9743589743589745,2,Serie_A,25/26
2,2025,30205,2026-05-17 18:45:00,116,113,Cagliari,Torino,TOR,CAG,0,0.965,1,1.33301,1.33301,-0.42581999999999987,10.130434782608695,5,3,1.7374999999999998,2,1.75883,1.75883,0.42581999999999987,14.523809523809524,4,Serie_A,25/26
2,2025,30206,2026-05-17 10:30:00,286,230,Como,Parma Calcio 1913,PAR,COM,0,0.1623,0,0.483046,0.483046,-2.2378940000000003,8.8,0,3,2.7435,1,2.72094,2.72094,2.2378940000000003,5.444444444444445,10,Serie_A,25/26
2,2025,30207,2026-05-17 10:30:00,101,111,Genoa,AC Milan,MIL,GEN,3,1.2582,2,1.55422,0.792916,-0.875894,11.681818181818182,7,0,1.4334,1,1.66881,1.66881,0.875894,9.3125,6,Serie_A,25/26
2,2025,30208,2026-05-17 13:00:00,106,94,Inter,Verona,VER,INT,1,0.2712,1,0.911763,0.911763,-1.9296669999999998,19.352941176470587,1,1,2.6130000000000004,1,2.84143,2.84143,1.9296669999999998,6.352941176470588,15,Serie_A,25/26
2,2025,30209,2026-05-17 10:30:00,98,110,Juventus,Fiorentina,FIO,JUV,3,0.4089,2,0.513716,0.513716,-1.4491740000000002,11.75,5,0,2.4012000000000002,0,1.96289,1.96289,1.4491740000000002,9.3,17,Serie_A,25/26
2,2025,30210,2026-05-17 10:30:00,291,105,Pisa,Napoli,NAP,PIS,3,1.9934999999999998,3,1.42016,1.42016,0.6988380000000001,10.583333333333334,9,0,0.6975,0,0.721322,0.721322,-0.6988380000000001,27.58823529411765,2,Serie_A,25/26
2,2025,30211,2026-05-17 10:30:00,95,96,Roma,Lazio,LAZ,ROM,0,0.9095,0,0.766648,0.766648,-0.551402,12.5,3,3,1.7861,2,1.31805,1.31805,0.551402,10.458333333333334,4,Serie_A,25/26
2,2025,30212,2026-05-17 18:45:00,104,243,Sassuolo,Lecce,LEC,SAS,3,0.3923,3,1.29547,1.29547,-1.7517200000000002,16.95,4,0,2.4719,2,3.04719,3.04719,1.7517200000000002,4.473684210526316,11,Serie_A,25/26
2,2025,30213,2026-05-17 18:45:00,99,272,Udinese,Cremonese,CRE,UDI,3,1.8276,1,0.671214,0.671214,0.40062899999999996,20.11764705882353,0,0,0.7542,0,0.270585,0.270585,-0.40062899999999996,9.882352941176471,3,Serie_A,25/26
